prompt_id,outlet,period,section,headline
p0000,gript,post,Comment Ireland|Featured,Dispute over Irish language signage exposes flaws in the scheme for a diverse Six Counties
p0001,gript,post,Irish News,Fundraiser for “gentle” girl who died in River tragedy
p0002,gript,post,Irish News,Public meeting in Meath to hear there has been ‘spiral’ of crime and anti-social behaviour
p0003,gript,post,World News,Study: 95% of young women on testosterone for sex change developed pelvic floor dysfunction
p0004,gript,post,World News,Musk says Twitter interfered in elections
p0005,gript,post,Featured|Irish News,O’Callaghan won’t automatically deport all jailed migrants
p0006,gript,post,Featured|News|World News,Study: Economic fears of ageing societies overblown
p0007,gript,post,Featured|News,Jim Moore (85) charged with murder of Patricia Aust (81) in Bangor
p0008,gript,post,Featured|Irish News,"Fitzmaurice, Mullooly protest EU-Mercosur deal in Brussels"
p0009,gript,post,Comment Ireland|Featured,The housing crisis threatening An Ghaeltacht
p0010,gript,post,Culture|Featured,Why Santa Claus is historically associated with cats
p0011,gript,post,Featured|Irish News,"BREAKING: Son charged with murder of parents, brother"
p0012,gript,post,Featured|Irish News,Dáil votes to accept report recommending legislating for assisted suicide
p0013,gript,post,Featured|Irish News,Sinn Féin slammed for Mermaids fundraiser over puberty blocker stance
p0014,gript,post,Comment Ireland|Featured,"Numbers claiming asylum across EU fall, but rise in Ireland"
p0015,gript,post,Featured|World News,Why are America and Venezuela on the cusp of war?
p0016,gript,post,Comment Ireland|Featured,Tom McDonnell emerges with Tricolour flying in the nail-biting Battle of Newbridge
p0017,gript,post,Comment Ireland|Featured,MCGUIRK: It’s time to stand up to “Big Gay”
p0018,gript,post,Comment|Featured|Highlights,EU to Use COVID Pass Sequel for Online Censorship
p0019,gript,post,Comment World|Podcast,PODCAST: John Aidan Byrne on Odeon Capital Conversations on the effect of the demographic change on the economy
p0020,gript,post,Comment Ireland|Featured,Democracy? Kildare asylum centre for 950 will be bulldozed through despite local protests
p0021,gript,post,Comment Ireland,Therapy Culture: Do we live in an age of over-diagnosis?
p0022,gript,post,Irish News,€8 million to be spent bringing academics to Ireland
p0023,gript,post,Featured|Irish News,Dáil paralysis: Ceann Comhairle demands progress on speaking rights
p0024,gript,post,Featured|Irish News,It’s Christmas! Huge backlash to DCC ‘Winter Lights’
p0025,gript,post,Featured|News|World News,European Commission announces ‘Democracy Shield’
p0026,gript,post,Irish News,“Urgent need to reassess means test income threshold for carers.” Carol Nolan
p0027,gript,post,Featured|Irish News,Libyan-born ‘Blood on Their Hands’ suspect last seen in Dublin
p0028,gript,post,Culture|Why I left the Left,No Good Deed Goes Unpunished
p0029,gript,post,Featured|Irish News,Michael D. Higgins to attend coronation of UK’s King Charles
p0030,gript,post,Comment Ireland|Featured,IHREC refugee case shows why “Right To Housing” would end badly
p0031,gript,post,Irish News,€50 million will be spent in 2024 to develop model of HSE refugee and migrant health care
p0032,gript,post,Comment World,Are we entering an age of decay as birth rates fall?
p0033,gript,post,Featured|World News,Liberal Democrat party leader says a woman can “quite clearly” have a penis
p0034,gript,post,Irish News,"Irish people joint fourth biggest users of cocaine globally, UN study finds"
p0035,gript,post,Featured|Irish News,TD calls for State to be able to audit taxpayer-funded NGOs
p0036,gript,post,Featured|Irish News,Poland will no longer supply weapons to Ukraine after grain row
p0037,gript,post,Featured|Irish News,Helen McEntee says opposition to hate speech bill based on “disinformation”
p0038,gript,post,Featured|Irish News,Ukrainian charged in connection with fatal assault on man in asylum centre
p0039,gript,post,Comment World,Disability rights groups launch lawsuit to quash California’s assisted suicide law
p0040,gript,post,Featured|Irish News|News,"Wexford: Boil Water Notice issued for 22,000 customers"
p0041,gript,post,Comment Ireland|Featured,Local businesses on Ennis 2040 plan: “Their vision is our nightmare”
p0042,gript,post,Featured|Irish News|News,New fund aims to help “marginalised” leaders to “support systemic reforms”
p0043,gript,post,Featured|Irish News,TD: Ban nursing home staff who violently abuse residents
p0044,gript,post,Featured|Irish News,Dept engaging with 19 airlines to address false documents scandal
p0045,gript,post,Featured|World News,"Political leader of Hamas, Ishmail Haniyah, killed in Iran missile strike"
p0046,gript,post,Featured|World News,Dr Cass: children “weaponised” by toxic trans debate
p0047,gript,post,Featured|World News,New Study: link between Alzheimer’s/Parkinson’s and viral infection
p0048,gript,post,Featured|Irish News,“Absolutely pointless”: €1.7m spent on Garda recruitment ads since 2019
p0049,gript,post,Featured|News|World News,WATCH: Russian drone hits apartment block in NATO member Romania
p0050,gript,post,Irish News,Tributes flood in after Scarlett Faulkner passes away
p0051,gript,post,Comment|Comment Ireland|Featured,"No, kids shouldn’t be involved in policy-making"
p0052,gript,post,Featured|Irish News,ICCL calls for “human rights review” of Covid lockdown
p0053,gript,post,Comment Ireland|Featured,The Government’s “misinformation” defence is utter waffle
p0054,gript,post,Featured|Irish News,CITYWEST: news team accuse Gardaí of ‘attack’
p0055,gript,post,Comment Ireland|Comment World|Featured|Irish News|World News,MCGUIRK: Want more houses? Get the Government out of housing.
p0056,gript,post,Featured|Irish News,“People don’t see us as politicians”: Alastair Campbell to Micheál Martin
p0057,gript,post,Irish News,"Fianna Fáil Cllr who criticised immigration policy resigns, says party “detached from ordinary person”"
p0058,gript,post,Comment World,Cruelty Cloaked in Compassion
p0059,gript,post,Comment Ireland|Featured|Irish News,Premium: Making sense of the CSO figures on sexual violence
p0060,gript,post,Comment World|FACT-CHECK|Featured|Irish News,A black day for media misinformation
p0061,gript,post,Featured|News|World News,President Biden promises “peaceful transition” following Trump victory
p0062,gript,post,Comment World|Featured,A year of getting it wrong. A review of the Russia-Ukraine War
p0063,gript,post,Featured|Irish News,Dublin mum says she feels she has more chance of winning the lotto than being housed
p0064,gript,post,Featured|Irish News|News,"Co Fermanagh: Two dead, two injured in shooting incident"
p0065,gript,post,Comment|Comment World|Featured,Is Europe really shifting to the right?
p0066,gript,post,Featured|Irish News,"After Limerick case, medics write to every TD to warn ultrasounds must be provided before abortion"
p0067,gript,post,Featured|Irish News,Dad to be stole bike from teenage boy
p0068,gript,post,Irish News,Funeral of Tadgh Farrell hears of “a lifetime of love”
p0069,gript,post,Featured|World News,Claim puberty blocker ban causing suicide in children unfounded and “dangerous”
p0070,gript,post,Comment Ireland|Culture,PERRINS: No to childfree zones for the child-free
p0071,gript,post,Irish News,HSE confirms external review into abortion misdiagnosis case
p0072,gript,post,Comment Ireland|Featured,Ciara Mageean magnificent and positive in defeat
p0073,gript,post,Comment Ireland|Featured,EU statistics reflect vastly increased levels of illegal immigration
p0074,gript,post,Featured|World News,BREAKING: Video captures Bishop attacked as 4 stabbed during church service
p0075,gript,pre,Comment|Comment Ireland,"Lisa Smith is not one of us, no matter how much she wants to “come home”"
p0076,gript,pre,Comment|Comment Ireland,Ireland a gerontocracy will never be at peace
p0077,gript,pre,Comment Ireland,National Gender Service calls for ‘affirming’ surgical breast removal facilities
p0078,gript,pre,Irish News,Thousands sign petition to Save Dog from Being Put Down
p0079,gript,pre,Comment Ireland|Featured,"On EU membership, the 12% deserve a voice"
p0080,gript,pre,Comment World|Uncategorised,How European green policies caused the energy crisis
p0081,gript,pre,Culture,Kanye West says “Jesus Is King”. Here’s why that matters
p0082,gript,pre,Comment Ireland|Featured,The social scientists are doing alright: ESRI get €10 million for report
p0083,gript,pre,Irish News,"Michelle O’Neill: No, you didn’t see me breach social distancing at that funeral"
p0084,gript,pre,Irish News,Meath village seeks to stop Ukrainian refugee village being built on its doorstep
p0085,gript,pre,World News,Leaked document: AstraZeneca can end no-profit pledge soon
p0086,gript,pre,Comment Ireland,"Despite Climate Hysteria, figures show Ireland has low car ownership rate"
p0087,gript,pre,Featured|Irish News,Poll: Irish public not real keen on the transgender sports stuff
p0088,gript,pre,Featured|World News,Canadian MP cut off in parliament while asking about WEF
p0089,gript,pre,Comment|Comment World,Holding liberalism to account: the prescience of John Henry Newman
p0090,gript,pre,Irish News,Ouch: Maria Bailey resigns from chairmanship of Oireachtas ethics committee
p0091,gript,pre,Culture,Enjoy trad and sean-nós this weekend as Patrick Ó’Keeffe Festival and Oireachtas na Gaeilge move online
p0092,gript,pre,Irish News,Call for thousands of tractors in Dublin: farmers’ protest escalates
p0093,gript,pre,Featured|World News,Danish newspaper sorry for “hypnotic” reporting of Covid narrative
p0094,gript,pre,Culture,"For the creative, the worst of times can be the best of times"
p0095,gript,pre,World News,“Killing us is ok?” – grief as cops who shot man with Down Syndrome acquitted
p0096,gript,pre,Comment|Comment Ireland|Featured,Anti-misinformation think-tank spreads trans misinformation
p0097,gript,pre,Comment|Comment Ireland,Eamon O’Cuiv says: I am against this proposed coalition
p0098,gript,pre,Featured|World News,"Great Barrier Reef has record levels of coral, says survey"
p0099,gript,pre,Comment Ireland|Featured|Irish News,"Irish housing, and the flight of the swallows"
p0100,gript,pre,Irish News,Red Cross warn against Coronavirus scam charging elderly €100 for fake test
p0101,gript,pre,World News,Canada finally drops Covid vaccine requirement for entry at border
p0102,gript,pre,Comment|Comment Ireland,Golfgate and RTÉgate – clearly the elites don’t believe their own spin on Covid
p0103,gript,pre,Irish News,“WAR CRIMINAL” – Hillary Clinton heckled in Belfast
p0104,gript,pre,Comment|Comment World|Featured,Taiwan’s participation can strengthen international cooperation to fight transnational telecommunication fraud in the postpandemic era
p0105,gript,pre,World News,“Slap in the face”: China to reportedly betray Vatican deal
p0106,gript,pre,Comment World,What kind of doctor amputates the breasts of a 12-year-old girl?
p0107,gript,pre,World News,Denmark halts Covid vaccines for under 18s
p0108,gript,pre,Irish News,Abortion doctor provides no tangible evidence of harassment claim
p0109,gript,pre,Culture,The persecution of Laura Whitmore
p0110,gript,pre,Featured|Irish News,Suicide the biggest killer of Irish men under the age of 25
p0111,gript,pre,Comment World,Does Sweden show we need a lockdown against the spread of government over-reach?
p0112,gript,pre,Irish News|News,"Government Jet has flown for 125 hours this year, costing half a million"
p0113,gript,pre,World News,EU to propose vaccine passports for summer travel
p0114,gript,pre,Irish News,"Average rent now almost €2,000 per month in Dublin"
p0115,gript,pre,World News,UK CMO expects another Covid surge by autumn
p0116,gript,pre,Featured|World News,Russia threatens to deploy nukes if Sweden & Finland join NATO
p0117,gript,pre,Featured|Irish News,ICCL Flags “chilling effect on the free expression of opinion” in Government Bill
p0118,gript,pre,Housing|Irish News,Mulhuddart protestors “shocked” as judge says “other agencies” related to children may become involved in housing case
p0119,gript,pre,Irish News,3 Taoisigh Have Ignored Requests to Meet with Victims and Survivors of the Glenanne Gang
p0120,gript,pre,Irish News,17 year old girl died in hospital following a positive covid 19 swab after initially testing negative on admission.
p0121,gript,pre,Irish News,Packed meeting on explicit RSE course hears parents’ anger and concern
p0122,gript,pre,Irish News|News|VACTRACK,"Vaccine Update: 12,776 vaccinated on Tuesday"
p0123,gript,pre,Irish News,Willie O’Dea TD: Mask mandates for school children must go
p0124,gript,pre,World News,‘Looming crisis’ as depression DOUBLES in lockdown: UK study
p0125,gript,pre,Culture,Back to the future with G.K. Chesterton
p0126,gript,pre,Irish News,Dublin suicide helpline volunteers DOUBLE their hours as calls skyrocket amid lockdown
p0127,gript,pre,Irish News,School asked student (13) if she had said anything racist after she was assaulted by black classmate
p0128,gript,pre,Featured|Irish News,“No comment” – woman in SaveKim saga refuses to speak
p0129,gript,pre,Comment Ireland|Featured,Falling down in Cherry Orchard: lots of amenities but few intact families
p0130,gript,pre,Comment Ireland|Featured,The Left wants the Lockdown to be forever
p0131,gript,pre,Featured|Irish News,TD: Ireland going carbon neutral could cost €375 billion
p0132,gript,pre,Irish News,TD says government allowed “act of piracy” off Cork coast
p0133,gript,pre,Irish News,"TD admits ‘gang violence’ causing mayhem in Ballbriggan: ‘stabbings, arson, shopping centre taken over’"
p0134,gript,pre,Comment World,Baby drought fears prompt introduction of pro-family incentives in Iran
p0135,gript,pre,Comment Ireland|Featured,"The migrant, the cost rental house, and the Willy Wonka Government"
p0136,gript,pre,Featured|Irish News,"Ireland taking twice as many Ukrainian refugees as France, USA"
p0137,gript,pre,Comment|Comment Ireland,"Three years after repeal, here’s 5 reasons I’m glad I voted No"
p0138,gript,pre,Irish News,Alanna Idris Quinn (17) loses sight in eye after vicious attack
p0139,gript,pre,Featured|Uncategorised,"Ashton Pound ordered to pay €18,000 to animal cruelty whistle-blower"
p0140,gript,pre,Irish News,Danny Healy-Rae: ‘To isolation or Spike Island’
p0141,gript,pre,Comment Ireland|Featured|Irish News,Where is the evidence that vaccine passports work?
p0142,gript,pre,Comment World,The lasting relevance of Confucius
p0143,gript,pre,World News,Priest with Coronavirus gives up his ventilator to a younger patient and dies
p0144,gript,pre,Comment Ireland,Regina Doherty revives feminist pay gap myth
p0145,gript,pre,Comment Ireland|Featured|Irish News,Is Varadkar safe as FG leader?
p0146,gript,pre,Featured|World News,Moderna developing vaccine for HIV using mRNA technology
p0147,gript,pre,Comment Ireland|Featured,SCALLAN: Fine Gael would be mad to make Simon Harris leader
p0148,gript,pre,Comment Ireland,The boy who brutally raped at 14 will be just 21 when he gets out
p0149,gript,pre,Comment Ireland,We don’t have a clue if people leave when visas expire says Department
p0150,irish_examiner,post,world,Hopes for extension of Israel-Hamas truce as more hostages released
p0151,irish_examiner,post,news,Legal challenge lodged over controversial Northern Ireland legacy legislation
p0152,irish_examiner,post,people,Rita Ora spends 'short' stint exploring Cork ahead of Apple HQ gig
p0153,irish_examiner,post,comment-analysis,Raja Shehadeh: I remember when Palestinians dared to hope for peace. How did it come to this?
p0154,irish_examiner,post,politics,Leo Varadkar: I don't think I'd be here without America’s work on LGBT rights
p0155,irish_examiner,post,columnists,Jennifer Horgan: My children will never see America as I did
p0156,irish_examiner,post,politics,"Sinn Féin members vote on hare coursing, cannabis, and political prisoners"
p0157,irish_examiner,post,comment-analysis,Colin Sheridan: New reforms risk transforming what it means to be an immigrant in Ireland
p0158,irish_examiner,post,world,Activists say Israeli navy has intercepted almost half of Gaza aid flotilla
p0159,irish_examiner,post,politics,Paul Murphy takes High Court case to block super junior ministers from Cabinet meetings
p0160,irish_examiner,post,world,32 Palestinians killed ‘while trying to reach food distribution sites in Gaza’
p0161,irish_examiner,post,news,"Government must help average earners overcome 'impediments' to homebuying, say auctioneers"
p0162,irish_examiner,post,culture,Tom Dunne: Here's why Kneecap is already my favourite film of the year
p0163,irish_examiner,post,culture,Oasis fans travel from Australia for band’s first gig in 16 years
p0164,irish_examiner,post,munster,Mary Crilly to retire from Sexual Violence Centre Cork but says she will continue campaigning
p0165,irish_examiner,post,food,Delicious Déise delights: How Waterford Festival of Food brings fun to Dungarvan
p0166,irish_examiner,post,munster,Fewer buyers queue for Douglas homes as second phase of Bayly development goes on sale
p0167,irish_examiner,post,munster,Photos and letters belonging to Treaty Ports negotiator to go on display on Spike Island
p0168,irish_examiner,post,news,Oxfam Ireland chief calls for Gaza to be central issue in General Election campaign
p0169,irish_examiner,post,parenting,"Colman Noctor: Digital safety needs a village, not an app"
p0170,irish_examiner,post,news,Fishing industry seeks Government help as soaring fuel costs threaten Irish fleet
p0171,irish_examiner,post,news,RSA warns learner drivers tests booked through third-party platforms will be cancelled
p0172,irish_examiner,post,people,Robert De Niro expresses ‘love and support’ for transgender daughter
p0173,irish_examiner,post,news,HSE launches app allowing patients access to their health data
p0174,irish_examiner,post,ourview,Irish Examiner view: Biden will have backing of the Irish
p0175,irish_examiner,post,parenting,Joanna Fortune: My baby keeps pulling other people's hair
p0176,irish_examiner,post,politics,Government split as minister casts doubt on further student fee cut
p0177,irish_examiner,post,court-crime,Man accused of murdering Ukrainian in Cork city remanded
p0178,irish_examiner,post,world,Deadly 6.2-magnitude earthquake strikes central Japan
p0179,irish_examiner,post,love-relationship,Dear Dáithí: I'm worried I'll end up as a carer for my mother-in-law
p0180,irish_examiner,post,world,Man to face charges after fire damages Pennsylvania governor’s mansion
p0181,irish_examiner,post,munster,Cabinet approves €456m M28 Cork to Ringaskiddy motorway project
p0182,irish_examiner,post,news,"Gaeltacht areas have 100 times more Airbnbs to let than permanent rental properties, new data shows"
p0183,irish_examiner,post,world,‘Watch what happens’ – Donald Trump issues new threat to Iran
p0184,irish_examiner,post,news,Accounting exam suited 'match fit' students who had done 'plenty of practice'
p0185,irish_examiner,post,world,"No students killed in Las Vegas shooting with victims all faculty members, university says"
p0186,irish_examiner,post,world,"Donald Trump to speak at hastily called meeting of top military leaders, says official"
p0187,irish_examiner,post,comment-analysis,Ireland’s first Islamist-inspired knife attack raises urgent questions about extremist threats
p0188,irish_examiner,post,news,"Over 65s pay 43% more for health insurance, watchdog finds"
p0189,irish_examiner,post,culture,"Kathleen MacMahon on missing journalism, the mother/daughter relationship and her latest novel"
p0190,irish_examiner,post,court-crime,"Woman, 30s, appears in court in connection with murder of man in Carlow"
p0191,irish_examiner,post,culture,Book Review: Sara Ochs' debut is strikingly assured and accomplished
p0192,irish_examiner,post,world,Massive polio vaccination campaign begins in Gaza
p0193,irish_examiner,post,culture,Revealed: New Dancing With The Stars judge confirmed following Loraine Barry's exit
p0194,irish_examiner,post,news,Morning Ireland the country's most popular radio show as Neil Prendeville on top in Cork
p0195,irish_examiner,post,news,"Poet Michael Longley touched souls with just a few words, funeral hears"
p0196,irish_examiner,post,munster,"Man, 20s, dies in single-vehicle crash in Tipperary"
p0197,irish_examiner,post,world,Elon Musk’s brain-implant company investigated over ‘unsafe’ shipping methods
p0198,irish_examiner,post,farming,Limerick farm sold for accumulated sum of over €3.8m
p0199,irish_examiner,post,world,Artwork thought to be by Banksy appears at foot of London skyscraper
p0200,irish_examiner,post,culture,Theatre review: Emma Donoghue's tale of 1918 has a renewed prescience
p0201,irish_examiner,post,culture,"Five For Your Radar: Mick Flannery, Emma Stone film, book festival..."
p0202,irish_examiner,post,court-crime,West Cork company fined for six breaches of emissions regulations
p0203,irish_examiner,post,comment-analysis,Ireland’s pension auto-enrolment is a turning point for women but it's not the whole story
p0204,irish_examiner,post,politics,Taoiseach urges US firms to expand operations to Ireland
p0205,irish_examiner,post,columnists,"Jennifer Horgan: For the sake of Ireland's children, let's march in solidarity with their carers"
p0206,irish_examiner,post,news,Cork mental health author blackmailed online 'disappointed by victim-blaming'
p0207,irish_examiner,post,world,UN chief says people are looking to leaders for way out of ‘mess’
p0208,irish_examiner,post,farming,Against the grain: What's the latest with the UN's grain deal?
p0209,irish_examiner,post,world,Trump injured but ‘fine’ after attempted assassination at rally
p0210,irish_examiner,post,news,"Migrants more likely to work but face higher poverty rates, ESRI study finds"
p0211,irish_examiner,post,health-wellbeing,My aunt's breast cancer diagnosis saved me
p0212,irish_examiner,post,court-crime,"Chef, 26, died after falling and hitting his head off dryer"
p0213,irish_examiner,post,columnists,Dear Dáithí: A relative left our parents' lovely holiday home in an awful state
p0214,irish_examiner,post,yourview,Letters to the Editor: Some HSE workers are not fit for purpose
p0215,irish_examiner,post,people,‘It’s been the hardest time:’ Ronan Keating shares update following death of his brother
p0216,irish_examiner,post,news,Department of Health and hospital doctors at odds over growing waiting lists
p0217,irish_examiner,post,news,"Unusually mild temperatures predicted for weekend, with highs of 15C forecast"
p0218,irish_examiner,post,world,"Fundraising appeal launched as 5,300 feared dead in flood-hit eastern Libya"
p0219,irish_examiner,post,munster,Parents call for fleet safety audit after Cork school bus driver injured
p0220,irish_examiner,post,comment-analysis,"Trump's targeting of health keeps people hungry, sick and less likely to fight back"
p0221,irish_examiner,post,parenting,Marking milestones and making memories
p0222,irish_examiner,post,news,"Officers would not recommend Defence Forces career to friends or relatives, survey shows"
p0223,irish_examiner,post,news,Brothers hope running 33 marathons in 33 days will raise over €1m for dementia research
p0224,irish_examiner,post,food,Wine with Leslie: Toast the New Year with time-tested Champagne
p0225,irish_examiner,pre,news,DSPCA looking to identify man who shoved injured dog under their gates
p0226,irish_examiner,pre,court-crime,Woman who was sexually abused as child attacked by stranger in Cork city
p0227,irish_examiner,pre,news,Gardaí concerned for welfare of missing Meath man
p0228,irish_examiner,pre,court-crime,Man pointed imitation gun into van driver's face
p0229,irish_examiner,pre,court-crime,Man arrested following burglary at Cork pharmacy
p0230,irish_examiner,pre,news,Russian ambassador to Ireland denies lying to public over Ukraine
p0231,irish_examiner,pre,news,Fine Gael's €1m European election spend outstrips other parties
p0232,irish_examiner,pre,news,What you're entitled to if your holiday goes wrong
p0233,irish_examiner,pre,news,Businesses could face €1.5bn costs amid ‘chaotic’ Brexit transition
p0234,irish_examiner,pre,news,ALONE holding first ever 'Donation Day' in Dublin
p0235,irish_examiner,pre,ourview,The Irish Examiner View: Hogan’s hat in the WTO ring?
p0236,irish_examiner,pre,general,The Skin Nerd: Coming clean- celebrities don’t always know best
p0237,irish_examiner,pre,world,Nagasaki marks 76th anniversary of US atomic bombing
p0238,irish_examiner,pre,news,Four new coronavirus cases confirmed in west of Ireland
p0239,irish_examiner,pre,news,Micheál Martin urged to 'come out of hiding' amid Government formation confusion
p0240,irish_examiner,pre,world,Ardern heading for big win as votes counted in New Zealand poll
p0241,irish_examiner,pre,celebrity,Jerry Harris says ‘I am not an evil person’ as he receives 12-year sentence
p0242,irish_examiner,pre,general,The Fitting Room: Irish fashionistas advocate fashion for all
p0243,irish_examiner,pre,culture,Book review: Emilie Pine's debut novel reinforces her reputation as an empathetic writer
p0244,irish_examiner,pre,world,British forces prepared to launch air strikes to target Islamic State terrorists in Afghanistan
p0245,irish_examiner,pre,news,Man stabbed in St Stephen's Day attack
p0246,irish_examiner,pre,world,Johnson warns ‘huge spike’ of Omicron cases on way at virtual Cabinet
p0247,irish_examiner,pre,news,Donohoe: Next government will be concerned with restoring economy after Covid-19
p0248,irish_examiner,pre,world,Matt Gaetz associate pleads guilty to sex trafficking charges
p0249,irish_examiner,pre,news,Covid-19: 53 additional cases with no new deaths recorded
p0250,irish_examiner,pre,news,"Prepare for potential second lockdown, medical chief tells Northern Ireland"
p0251,irish_examiner,pre,culture,Book Review: Big profits in the global spying game
p0252,irish_examiner,pre,world,South Africa’s last apartheid president FW de Klerk dies at 85
p0253,irish_examiner,pre,news,"Woman, 45, missing from Dublin located safe and well"
p0254,irish_examiner,pre,outdoors,Juanita Browne: It's the perfect time to plant a native tree
p0255,irish_examiner,pre,general,Culture that made me: Pat Shortt
p0256,irish_examiner,pre,columnists,Caroline O'Donoghue: Four ways to advertise Christmas in a pandemic
p0257,irish_examiner,pre,outdoors,Juanita Browne: Give some really wild Christmas gifts this year
p0258,irish_examiner,pre,news,Covid-19: 'Concerning' trend of some people not answering calls from contact tracers
p0259,irish_examiner,pre,world,Greek PM willing to extend ‘hand of friendship’ to long-time rival Turkey
p0260,irish_examiner,pre,fashion-beauty,Get The Look: flawless skin is possible with a little help from these foundations
p0261,irish_examiner,pre,world,Russia warns Ukraine against use of force in rebel regions
p0262,irish_examiner,pre,news,Love triangle trial: Letter from Mary Lowry's lawyer outlined 'concerns' over Patrick Quirke's lease on her land
p0263,irish_examiner,pre,munster,Kerry native believed to be Ireland's oldest man dies at 108
p0264,irish_examiner,pre,news,Estonian Kinahan hitman will challenge extradition bid in October
p0265,irish_examiner,pre,news,Man sues EBS and Ulster Bank over alleged failure to forward payments to former partner
p0266,irish_examiner,pre,celebrity,"Johnny Depp ‘did not receive a fair trial’, lawyers to tell Court of Appeal"
p0267,irish_examiner,pre,news,"4,141 new Covid cases as Omicron spread continues"
p0268,irish_examiner,pre,world,Iraqis prepare to welcome Pope to Baghdad
p0269,irish_examiner,pre,court-crime,Judge allows garda accused of false imprisonment and sexual assault to be named
p0270,irish_examiner,pre,news,Crawford Gallery’s historic collection cast in new light
p0271,irish_examiner,pre,news,Limerick City and County voters could cast ballots for directly-elected mayor ahead of schedule
p0272,irish_examiner,pre,farming,Signpost: Incorporating clover offers a 'win win' for economic and environmental sustainability
p0273,irish_examiner,pre,politics,Mary Lou McDonald 'more popular leader than Leo Varadkar'
p0274,irish_examiner,pre,news,Coveney tells Raab to produce viable alternatives to backstop
p0275,irish_examiner,pre,culture,Guinness Cork Jazz Festival announces stellar programme for 2022 event
p0276,irish_examiner,pre,news,"Friday's Evening Round-Up: EU summit, Good Friday Agreement and mistaken identity of rodent"
p0277,irish_examiner,pre,news,Baby taken to hospital following second petrol bomb attack in Cork
p0278,irish_examiner,pre,news,Calls for more enforcement of Cork's Patrick St car ban
p0279,irish_examiner,pre,culture,"Máire Flavin: Irish soprano on her role in Elektra, Strauss's famously dark opera"
p0280,irish_examiner,pre,news,INMO: Some nurses paying €110 per day for childcare as govt scheme scrapped
p0281,irish_examiner,pre,farming,Global success beckons for North Yorkshire fertiliser
p0282,irish_examiner,pre,news,"Bulletin: Children's hospital board told of rising costs last June; Over 37,000 nurses in third day of strike action"
p0283,irish_examiner,pre,news,Varadkar: 'I don't want a country where politicians live in a security bubble'
p0284,irish_examiner,pre,court-crime,RTE challenge against compensation ruling collapses over 'ageist and sexist' remarks
p0285,irish_examiner,pre,munster,Traffic-calming measures and footpath connectivity 'a must' for future Cork housing developments
p0286,irish_examiner,pre,world,Russian group blamed for hacking Democrats in 2016 ‘attempting new intrusions’
p0287,irish_examiner,pre,news,Former WIT president loses High Court action over college's decision not to reappoint him
p0288,irish_examiner,pre,news,#Elections2019: Ciaran Cuffe tops the poll but nobody reaches quota in Dublin
p0289,irish_examiner,pre,news,'What is the world coming to?'
p0290,irish_examiner,pre,food,Top 8: Supermarket cheddars put to the taste test for school lunches
p0291,irish_examiner,pre,news,Domestic abuse victims 'trapped' in dangerous homes by mortgages
p0292,irish_examiner,pre,world,Salman Rushdie attack provokes both praise and anxiety in Iran
p0293,irish_examiner,pre,general,A name to watch in fashion at just 13 years old
p0294,irish_examiner,pre,news,Education Minister announces €1m fund for free books in primary schools
p0295,irish_examiner,pre,news,Beef price protests escalate in some areas despite agreement to remove legal threat
p0296,irish_examiner,pre,world,Two killed and eight wounded in Tel Aviv shooting
p0297,irish_examiner,pre,news,Emergency €1.1m fund to help prevent closure of Dublin Zoo and Fota
p0298,irish_examiner,pre,people,Legendary talk show host Larry King dies aged 87
p0299,irish_examiner,pre,munster,Beat goes on for busy weekend in Cork
p0300,rte,post,news,Man charged over €6.5m drug seizure at Rosslare Europort
p0301,rte,post,ulster,Pipe bomb defused after being found in Co Down
p0302,rte,post,regional,Puska granted legal aid to appeal murder conviction
p0303,rte,post,middle-east,Watch: US military plane plummets from sky in Kuwait
p0304,rte,post,news,North Korea vows to deploy new weapons at border
p0305,rte,post,news,Financial services firm BNY to close its Wexford facility
p0306,rte,post,regional,Man released in Sean Fox murder investigation
p0307,rte,post,uk,Starmer says he was wrong to name Mandelson as US envoy
p0308,rte,post,news,Tributes to 'larger than life' Joey Forker in Donegal
p0309,rte,post,news,Death toll in Turkish ski resort fire jumps to 76 people
p0310,rte,post,regional,Firefighters tackling wildfire on Fanad Peninsula
p0311,rte,post,analysis-and-comment,Leinster House visited by Ghost of Christmas Past
p0312,rte,post,analysis-and-comment,5 takeaways from Government's housing plan
p0313,rte,post,dublin,Gardaí attacked during violent unrest after stabbing
p0314,rte,post,courts,27 people sentenced in biggest tax fraud case in NI
p0315,rte,post,news,Archbishop of Canterbury urged to resign over scandal
p0316,rte,post,news,Calls for TikTok accountability over 'SkinnyTok' trend
p0317,rte,post,news,Six children waiting for special care unit place
p0318,rte,post,us,US government sues California over egg prices
p0319,rte,post,ireland,"IFJ probe 'undermines' EU-Mercosur trade deal, says IFA"
p0320,rte,post,politics,Significant overspend in cost for SUSI IT system
p0321,rte,post,news,Explained: WHO's high-risk Ebola emergency
p0322,rte,post,europe,Greece forest fire forces evacuations near Athens
p0323,rte,post,courts,Man jailed for seven years over fatal Ballymun shooting
p0324,rte,post,uk,'Non-recent' allegations against Brand made to police
p0325,rte,post,world,US deploys warships amid fears of Venezuela conflict
p0326,rte,post,news,Outcome of EU-US tariff talks 'not certain'
p0327,rte,post,newslens,Unlikely wolf pair sparks row in rural France
p0328,rte,post,news,Gardaí 'seized nine phones' from celebrity's home
p0329,rte,post,news,What's at stake in Israel's elections?
p0330,rte,post,ireland,Man in court for assault on tourist in Dublin denied bail
p0331,rte,post,health,Government expands free contraception scheme
p0332,rte,post,ireland,ECJ rejects Govt's claim over asylum seeker obligations
p0333,rte,post,ireland,Irish husband of botulism victim remains hospitalised
p0334,rte,post,news,10 notable moments from Francis' pontificate so far
p0335,rte,post,middle-east,UN demand 'prompt' probe into strike near Beirut hospital
p0336,rte,post,ireland,Kieran Cuddihy named as new Liveline presenter
p0337,rte,post,news,NI climber Noel Hanna dies after scaling Himalayan peak
p0338,rte,post,ukraine,Belarus to hold Russian nuclear arms after 'pressure'
p0339,rte,post,newslens,Rare Roman coin featuring Brutus up for auction in Geneva
p0340,rte,post,world,Trump to Putin: what key challenges face Rutte at NATO?
p0341,rte,post,world,Europe's Euclid space telescope releases first images
p0342,rte,post,munster,Waterford e-scooter initiative amid safety concerns
p0343,rte,post,ireland,Man due in court in human trafficking investigation
p0344,rte,post,news,Podcast: Trump praises his peace deal for Gaza
p0345,rte,post,ireland,Govt taking 'wait and see' approach to energy protection
p0346,rte,post,ireland,Appeal for safety around water ahead over bank holiday
p0347,rte,post,ireland,Curlew conservation scheme makes breakthrough
p0348,rte,post,investigations-unit,FAI apologises to female former players who have spoken out
p0349,rte,post,politics,Minister to publish review of sex work legislation
p0350,rte,post,world,"Trump's America is 'self-serving', says Kamala Harris"
p0351,rte,post,newslens,Meatball made with mammoth DNA unveiled in Amsterdam
p0352,rte,post,ireland,Dublin protesters call for end to Gaza conflict
p0353,rte,post,world,61 migrants drown after shipwreck off Libya
p0354,rte,post,middle-east,Israeli defence minister threatens to annex parts of Gaza
p0355,rte,post,politics,Bacik: Student's budget plans in 'disarray' over fee hike
p0356,rte,post,newslens,Microplastics discovered in dolphin breath
p0357,rte,post,ulster,Donegal councillors back Creeslough public inquiry
p0358,rte,post,regional,Gardaí appeal for witnesses following death of man
p0359,rte,post,politics,Candidates jostle for position ahead of Euro Parl vote
p0360,rte,post,ireland,"28.6C reached at Shannon, breaking May temperature record"
p0361,rte,post,ireland,Tories' use of Bloody Sunday footage 'disgusting'
p0362,rte,post,world,30 dogs rescued from home in UK after owner found dead
p0363,rte,post,world,DNA pioneer James Watson dies aged 97
p0364,rte,post,politics,Half of homes in defective blocks scheme need more work
p0365,rte,post,2022-in-review,Cian's Kennels reunites sick children with their pets
p0366,rte,post,regional,Appeal to find winner of unclaimed €1m Lotto prize
p0367,rte,post,ireland,Major concern over pace of child homelessness
p0368,rte,post,us,"Two dead, 10 hospitalised after US steel plant explosions"
p0369,rte,post,newslens,Pompidou Centre in Paris to close for 5-year renovation
p0370,rte,post,politics,All Govt depts to accept cash under new strategy
p0371,rte,post,news,Thousands march in banned Budapest Pride parade
p0372,rte,post,regional,Man who died in Mayo collision was 'lovely guy'
p0373,rte,post,ukraine,"36 dead, Kyiv hospital hit in Russian strikes on Ukraine"
p0374,rte,post,regional,Public asked to avoid An Earagail during helicopter work
p0375,rte,pre,news,Nicaraguan police arrest two more opposition contenders
p0376,rte,pre,news,Three men in court in connection with Regency shooting
p0377,rte,pre,regional,Man uninjured after suspected petrol bomb attack
p0378,rte,pre,leinster,Appeal issued to trace man missing from Dundalk
p0379,rte,pre,us,"Ken Starr, who investigated Clinton, dies at 76"
p0380,rte,pre,us,Tourists prepare to return to US as travel ban lifted
p0381,rte,pre,coronavirus,"Covid-19: 7,333 cases, 410 patients in hospital"
p0382,rte,pre,regional,Renewed calls for a new pier on Great Blasket Island
p0383,rte,pre,world,Sunken Indonesian submarine found broken in three
p0384,rte,pre,ireland,80 driving testers to be hired to tackle backlog
p0385,rte,pre,news,Japanese ambassador appeals for end to nuclear weapons
p0386,rte,pre,munster,Man dies while climbing Kerry mountain
p0387,rte,pre,newslens,Paris aims to put the brakes on scooter proliferation
p0388,rte,pre,news,Eight die after private plane crashes in Italy
p0389,rte,pre,news,SMEs lose billions due to Covid-19 restrictions
p0390,rte,pre,brexit,DUP urged to join search for post-Brexit solutions
p0391,rte,pre,uk,MP accuses Stanley Johnson of inappropriate touching
p0392,rte,pre,news,Schoolboy enjoys new chapter reading Roald Dahl books
p0393,rte,pre,ireland,Hospitals welcome first babies of the New Year
p0394,rte,pre,ireland,President turns on Áras an Uachtaráin Christmas lights
p0395,rte,pre,coronavirus,ECDC: Virus mutation could hamper vaccine effectiveness
p0396,rte,pre,brexit,Seafood Sector Taskforce launched in wake of Brexit
p0397,rte,pre,us,Lockdown drills 'part of life' for Irish teacher in US
p0398,rte,pre,brexit,UK to ease immigration rules for care workers
p0399,rte,pre,coronavirus,NPHET: Indoor dining could have closed beyond September
p0400,rte,pre,news,"US threatens tariffs on EU cheese, pork and whiskey"
p0401,rte,pre,politics,Anderson confirmed as Sinn Féin's NI Europe candidate
p0402,rte,pre,world,Countries must be more ambitious on climate goals: UN
p0403,rte,pre,world,Sydney tightens lockdown amid 'stubborn' outbreak
p0404,rte,pre,world,China revokes press credentials of three WSJ reporters
p0405,rte,pre,world,"Iceland to end whale hunting from 2024, says minister"
p0406,rte,pre,regional,Shannon Airport Managing Director is to leave his role
p0407,rte,pre,leinster,"Motorcyclist, 20s, injured in Offaly collision"
p0408,rte,pre,health,Locum GP before Medical Council over care of patient
p0409,rte,pre,boost-my-business,Four business owners spreading some joy with their sweet treats
p0410,rte,pre,ulster,PSNI officer hospitalised after Tyrone assault
p0411,rte,pre,news,Sean Quinn pledges not to trespass on Fermanagh quarry
p0412,rte,pre,news,Dino-cart invention helps boy 'to be a child'
p0413,rte,pre,politics,FF and FG leaders keen to avoid post Covid-19 austerity
p0414,rte,pre,uk,UK court rules couple are legal parents of adult son
p0415,rte,pre,ireland,Houses at Celtic Tiger levels in some areas
p0416,rte,pre,world,"Hijacking ends in Arabian Sea, says UK agency"
p0417,rte,pre,ulster,Stormont collapse 'inevitable' if Protocol not resolved
p0418,rte,pre,coronavirus,14 virus deaths among people in disability services
p0419,rte,pre,ireland,AGSI alleges exclusion from pay deal negotiations
p0420,rte,pre,coronavirus,Who contacts patients with the test results?
p0421,rte,pre,dublin,Brighter nights ahead as Dublin lights up for Christmas
p0422,rte,pre,ireland,French decision is miscarriage of justice
p0423,rte,pre,coronavirus,Eurozone 'agrees in principle' to use bailout mechanism
p0424,rte,pre,coronavirus,Experimental virus drug fails in human trials
p0425,rte,pre,news,Hezbollah suspect found guilty of 2005 Hariri murder
p0426,rte,pre,courts,"Sister didn't want to report mother missing, court told"
p0427,rte,pre,newslens,Giant floating pumpkin relay race
p0428,rte,pre,uk,Over three million EU citizens apply to stay in UK
p0429,rte,pre,newslens,Indian gang ran fake police station for eight months
p0430,rte,pre,news,Govt to purchase extra 450mw of electricity next year
p0431,rte,pre,connacht,Fundraising bid after brothers' house damaged in fire
p0432,rte,pre,ireland,Gardener Dermot O'Neill dies aged 58
p0433,rte,pre,news,Birmingham bombing inquests start with minute's silence
p0434,rte,pre,connacht,Woman charged over fatal Galway hit-and-run
p0435,rte,pre,world,G20 leaders agree to step up Afghan humanitarian effort
p0436,rte,pre,newslens,Dead giveaway - typo reveals death cert a forgery
p0437,rte,pre,news,Renewable energy sources growing at faster rate
p0438,rte,pre,world,"One dead, 12 injured in US supermarket shooting"
p0439,rte,pre,politics,School meal scheme to continue during mid-term break
p0440,rte,pre,news,"53 more people in hospital with Covid, 1,380 new cases"
p0441,rte,pre,ireland,Large increase in fraud cases in year to June
p0442,rte,pre,ulster,Two arrested in Antrim as part of probe into UDA crime
p0443,rte,pre,ulster,Man charged following altercation at Fermanagh hotel
p0444,rte,pre,ulster,Sea swimmers take to the waters off Co Down
p0445,rte,pre,regional,Postmistress welcomes reports of €12k State subvention
p0446,rte,pre,health,Govt will not entertain talk of pausing hospital build
p0447,rte,pre,connacht,"Two held after cash, cocaine seized in Galway"
p0448,rte,pre,courts,Gang member pleads guilty to hiding €268k cash in attic
p0449,rte,pre,newslens,Bullet train driver abandoned controls for toilet dash
p0450,the_liberal,post,irish-news,Top Gun Harris tests Defence Forces new body armour worth €16.5 million
p0451,the_liberal,post,irish-news,"Irish neutrality should be put to a public vote, claims Sinn Féin"
p0452,the_liberal,post,irish-news,Gardai end the search for missing man after a body is found
p0453,the_liberal,post,irish-news,"Budget 2025: “He’s said to be nervous”, 33-yr-old Jack Chambers announces the budget for the upcoming year"
p0454,the_liberal,post,irish-news,Disaster for Martin and Harris as new poll suggests nosedive for Fianna Fail and Fine Gael
p0455,the_liberal,post,irish-news,"Large numbers of Roads Policing gardaí are completely ‘unproductive’, new report says"
p0456,the_liberal,post,irish-news,"Patients will continue to suffer unless bed capacity increases, says expert doctor"
p0457,the_liberal,post,irish-news,Uproar in Clare from Ukrainians who’ve been told they have to move on
p0458,the_liberal,post,irish-news,BREAKING: “The govt is in panic mode” – Cabinet to have special meeting on Sunday to discuss fuel protest crisis
p0459,the_liberal,post,irish-news,"Huge demand for Christmas food vouchers with thousands gone in hours, Capuchin Day Centre says"
p0460,the_liberal,post,irish-news,“Enoch won” – Enoch Burke has been released from Mountjoy Prison after over 400 days following court order without purging his contempt
p0461,the_liberal,post,irish-news,26-yr-old mother dies after attack by shark in Mexico while swimming with daughter
p0462,the_liberal,post,irish-news,2025 social welfare increases have kicked in with welfare recipients increasing their payments this week
p0463,the_liberal,post,irish-news,Fear mongering continues as Covid Eris variant symptoms as Ireland confirms dozens of cases with more isolation rules outlined
p0464,the_liberal,post,irish-news,"Over 1,200 driving tests have been cancelled due to insurance issues, says RSA"
p0465,the_liberal,post,irish-news,Angered judge throws out ‘fraudulent’ insurance claims from Co Clare women against Dublin taxi driver
p0466,the_liberal,post,irish-news,"Irish student avoids jailtime in €16,000 Snapchat scam but judge places harsh conditions"
p0467,the_liberal,post,world-news,Multiple drone strikes across the Russian capital cause widespread panic and spark mass evacuations
p0468,the_liberal,post,irish-news,Man sadly passes away in Cork following “medical incident”
p0469,the_liberal,post,world-news,Gatwick Airport earns dubious honor of second-worst European airport for delays
p0470,the_liberal,post,irish-news,"Pothole complaints surge around Ireland with 14,000 reports in Cork alone"
p0471,the_liberal,post,irish-news,Two has-beens? Mary Robinson and U2 are being awarded European Order of Merit
p0472,the_liberal,post,irish-news,Gardai storm Ryanair flight in Dublin after mid air ‘shirt ripping brawl’
p0473,the_liberal,post,irish-news,Govt slammed as still a huge number of registered tourist beds are being used to house migrants
p0474,the_liberal,post,irish-news,Calls for protests in Wexford after footage of mob violence amongst foreign men living in migrant plantation in the Courtown goes viral
p0475,the_liberal,post,irish-news,Incidents of unruly passengers on airplanes have more than tripled in the past year
p0476,the_liberal,post,irish-news,Irish Rail reportedly considering setting up vending machines on inter-city services
p0477,the_liberal,post,irish-news,Plummeting! Electric car sales had a massive slump again over the past month
p0478,the_liberal,post,irish-news,Please don’t do it! Green’s Roderic O’Gorman warns public against independents propping up coalition
p0479,the_liberal,post,life-culture,Why Floor Restoration Services in Dublin Are Essential for Homes and Businesses
p0480,the_liberal,post,irish-news,Russell Brand thanks his supporters after “distressing week”
p0481,the_liberal,post,irish-news,We know best: Govt is restricting short term letting in larger towns
p0482,the_liberal,post,irish-news,BREAKING: Met Eireann concerned as Ireland’s May record broken again with 30.5c
p0483,the_liberal,post,irish-news,Aer Lingus cancels a further 25 flights as pilots’ dispute continues
p0484,the_liberal,post,irish-news,Sicko Andrew Miller jailed for 20 years for abducting and sexually assaulting young girl on her way to school
p0485,the_liberal,post,irish-news,Gardai hold major search in wasteland in Dundalk near former family home of Kyran Durnin
p0486,the_liberal,post,irish-news,Cork Airport spokesperson advises people to be cautious when traveling to the facility due to adverse weather conditions
p0487,the_liberal,post,life-culture,Turkish Opposition Figure Accuses Turkish Defense Companies of Supporting the Sudanese Army
p0488,the_liberal,post,irish-news,‘Creepy’ migrant from India found guilty of groping woman on bus in Dublin
p0489,the_liberal,post,irish-news,Migrant who attacked female jogger exposed as ‘genderfluid’ sex offender with 27 aliases
p0490,the_liberal,post,irish-news,#RefugeesWelcome brigade protest in Dublin saying it’s the start of their campaign to buck anti-migrant trend
p0491,the_liberal,post,irish-news,Feral gang of youths terrorise quiet Irish townland as media maintains code of silence in face of such incidents
p0492,the_liberal,post,irish-news,"Tributes paid to woman, aged in her 70s, who died after getting into difficulty in sea"
p0493,the_liberal,post,irish-news,Toy story! Unfazed 3-yr-old Australian boy gets rescued after he climbed into toy claw machine
p0494,the_liberal,post,irish-news,BREAKING: Investigation underway after a number of vehicles set alight in pub carpark in Co Meath
p0495,the_liberal,post,irish-news,He’s a wonderful candidate – Martin says presidential candidate Jim Gavin can ‘bring people together’
p0496,the_liberal,post,irish-news,"RTÉ to outsource editorial research for state events at a cost of €180,000 to the Irish taxpayer"
p0497,the_liberal,post,world-news,No fewer than 36 people dead following train collision in Greece
p0498,the_liberal,post,irish-news,World leaders travel to Rome for Pope Benedict’s funeral this morning
p0499,the_liberal,post,irish-news,"Martin spent €2,700 Irish taxpayer money on gifts for President Donald Trump"
p0500,the_liberal,post,irish-news,Newbie Garda found in ditch after abandoning car on M1 motorway
p0501,the_liberal,post,irish-news,Met Eireann issues urgent new nationwide weather warning amidst deteriorating weather conditions
p0502,the_liberal,post,irish-news,"Overcrowding is now a major issue is Irish prisons, report finds"
p0503,the_liberal,post,irish-news,"“It’s racism” – Irish citizens earn nearly €90 more per week than non-Irish nationals, claims CSO"
p0504,the_liberal,post,irish-news,"‘No winners’ with tariffs or trade wars, says ‘Top Gun’"
p0505,the_liberal,post,irish-news,Leo Varadkar wants Irish unity manifesto pledge by all parties in next election
p0506,the_liberal,post,irish-news,“Israel shouldn’t be allowed participate”: Smoke canisters get set off in Malmö during Eurovision protests
p0507,the_liberal,post,irish-news,Novak Djokovic aims to become the greatest of them all today by winning a 23rd Grand Slam at the French Open in Paris
p0508,the_liberal,post,irish-news,"Outrage from Ukrainians as government withdraws taxpayer-funded accommodation for 16,000 Ukrainians in Ireland"
p0509,the_liberal,post,irish-news,“Ireland can take them all” – Sunak says he’s “not interested” in migrant deal with Ireland
p0510,the_liberal,post,opinion,Gone for good? Ireland’s youth exodus accelerates as record numbers emigrated in 2025 as homeownership remains a pipe dream
p0511,the_liberal,post,irish-news,“They’re petrified Conor would win” – Simon Harris demands all Fine Gael Councillors block Independent Presidential candidate nominations
p0512,the_liberal,post,irish-news,Five trainee gardaí dismissed over ‘Prank’ that saw another garda handcuffed and thrown into a cold shower
p0513,the_liberal,post,irish-news,Public not happy that Mohammad Al Shaker Al Tamimi is getting taxpayer-funded full psychological assessment
p0514,the_liberal,post,irish-news,Stop the clock on TikTok ban – US ban will go ahead tomorrow
p0515,the_liberal,post,irish-news,Enoch Burke’s mother and sister may face jail or a hefty fine for contempt of court
p0516,the_liberal,post,irish-news,"Toddler who got scalded by hot coffee on Ryanair flight wins close to €19,000 as court hears she sat in agony for more than three hours"
p0517,the_liberal,post,irish-news,"Anti plantation protests in East Wall, Sherriff Street and Five Lamps were a “great success” on Wednesday night #IrelandisFull"
p0518,the_liberal,post,life-culture,The Impact of Online Casinos on the Irish Economy: Analysis and Prospects
p0519,the_liberal,post,irish-news,He’ll never call a boy “they” – Fears grow that Enoch Burke will be in jail again for Christmas
p0520,the_liberal,post,irish-news,Today’s the day! Huge anti-migrant protest to take place in Ballsbridge today for #EastWall to “equal the score” with affluent communities
p0521,the_liberal,post,world-news,🔴BREAKING: An Irishman (30s) has been shot dead in Australia
p0522,the_liberal,post,irish-news,The funeral of little Matthew Healy will take place tomorrow in Waterford
p0523,the_liberal,post,irish-news,RTE crisis continues as accountants to go in this week
p0524,the_liberal,post,irish-news,Gardai seize firearm and thousands of euros worth of drugs during raid in Dublin
p0525,the_liberal,pre,irish-news,Supermacs boss says Irish beef farmers are not being paid enough
p0526,the_liberal,pre,world-news,Gunman surrenders to police after shooting five people dead at a Florida bank
p0527,the_liberal,pre,irish-news,"Coronavirus: Global number of infections reaches 2m, with over 120,000 deaths so far"
p0528,the_liberal,pre,irish-news,Two brave women spoke about their horrendous stalking experiences and what laws they want changed
p0529,the_liberal,pre,irish-news,Man (19) dead and woman (22) seriously ill after taking ecstasy on Friday night
p0530,the_liberal,pre,world-news,"Covid-19: UK reports just over 45,100 new coronavirus infections over the past 24h"
p0531,the_liberal,pre,irish-news,Garda checkpoints in force in Donegal as county moves to Level 3 restrictions
p0532,the_liberal,pre,irish-news,Instagram Rich List 2019 released showing stars who earn most money from each post on their account
p0533,the_liberal,pre,irish-news,Covid-19: Punters will be forced to buy tickets for nightclubs at least one hour prior to arriving at the door
p0534,the_liberal,pre,irish-news,"Holohan says that the next two weeks will determine on whether we can ease restrictions, says he’s increasingly concerned"
p0535,the_liberal,pre,irish-news,"Kildare, Offaly and Laois warned to be on alert following rise in Covid-19 cases"
p0536,the_liberal,pre,irish-news,1.4 million people will receive cash boost tomorrow with some receiving double social welfare payments
p0537,the_liberal,pre,irish-news,Government launch “foreign language” covid advice as there’s a low uptake in vaccines with foreign nationals
p0538,the_liberal,pre,irish-news,BREAKING: Coronavirus – President Donald Trump declares national emergency in the United States
p0539,the_liberal,pre,world-news,"Fashion retailer LK Bennett enters into administration, 500 UK jobs on the line"
p0540,the_liberal,pre,world-news,"Covid-19: Germany, France, and Italy have temporarily halted administration of the AstraZeneca vaccine due to increasing reports of blood clotting"
p0541,the_liberal,pre,irish-news,Status Orange warning for heavy rain in place for three counties until noon
p0542,the_liberal,pre,irish-news,?BREAKING: Not guilty – Kyle Rittenhouse cleared of all charges after he shot dead two men while defending himself during Black Lives Matter protests
p0543,the_liberal,pre,world-news,"Brexit Withdrawal Agreement breezes through Parliament, meaning Britain will likely leave the EU for good on January 31, 2020"
p0544,the_liberal,pre,irish-news,Gardai launch probe after the body of a fisherman is recovered from Killybegs Harbour in Co. Donegal
p0545,the_liberal,pre,irish-news,Malaysian authorities to release results of Nora Quoirin’s post mortem later today
p0546,the_liberal,pre,irish-news,"Job losses announced at the Stryker plant in Cork, about 40 people are to lose their jobs"
p0547,the_liberal,pre,irish-news,Dr Ronan Glynn says just 3% of Covid-19 cases are in the over 65s
p0548,the_liberal,pre,irish-news,Outgoing Taoiseach Leo Varadkar torpedoes Micheal Martin’s fever dreams of a grand coalition by saying that Fine Gael is headed for opposition
p0549,the_liberal,pre,irish-news,"RTE to cut 200 jobs, introduce pay cuts and pay freeze in an effort to stop losses"
p0550,the_liberal,pre,irish-news,Donegal Gardai’s controversial Covid “RAT LINE” has been cancelled after 60% of calls were found not to be breaches of covid laws
p0551,the_liberal,pre,irish-news,"Road carnage continues, after woman in her 50s dies in crash in Co. Kildare"
p0552,the_liberal,pre,irish-news,"“He was a kind gentleman” – Tributes pour in for David Amess MP, who was a practicing Catholic, after he was stabbed to death in his constituency"
p0553,the_liberal,pre,irish-news,Fuel allowance payment will be issued to households from today
p0554,the_liberal,pre,world-news,"Largest rail strike in three decades in the UK continues in the UK tomorrow, as last-ditch negotiations fail again"
p0555,the_liberal,pre,irish-news,Electric vehicles to be fitted with noise emitting devices from today onwards
p0556,the_liberal,pre,irish-news,Covid-19: Multiple reports emerging nationwide of people pointing and doing the Nelson laugh at those losing their precious Covid pass privilege today
p0557,the_liberal,pre,irish-news,Government trio to meet today to decide whether or not the Irish public get locked down again for another 6 weeks
p0558,the_liberal,pre,irish-news,Outrage in Sweden as 12-yr-old girl gets shot dead during gang war
p0559,the_liberal,pre,irish-news,Hero alert: Two young girls rescued after being swept out to sea on an airbed
p0560,the_liberal,pre,world-news,Miami tower block collapse: Engineers demolish the remains of the Champlain Tower South block
p0561,the_liberal,pre,world-news,"London terror alert: Explosive devices were likely sent from Ireland, authorities say"
p0562,the_liberal,pre,world-news,?BREAKING: US President Joe Biden has tested positive for Covid-19 again even though he is full vaxxed
p0563,the_liberal,pre,irish-news,BREAKING: Man arrested after trying to set a garda on fire
p0564,the_liberal,pre,irish-news,"?BREAKING: NHPET ‘concerned’ as Department of Health confirms 1,015 new Covid-19 cases"
p0565,the_liberal,pre,irish-news,"Met Eireann says that weather will remain summer-like for the next 48h, but things will take a turn for the worse by Friday"
p0566,the_liberal,pre,world-news,Covid-19: Camp Bestival will go ahead this year
p0567,the_liberal,pre,irish-news,"10,000 of our own homeless yet Government to house another 230 Syrian migrants in Tipperary"
p0568,the_liberal,pre,politics,Taoiseach says Bailey case did cause reputational damage to the Fine Gael party
p0569,the_liberal,pre,irish-news,One rule for them – RTE’s hair and makeup team are back working
p0570,the_liberal,pre,world-news,US orders Nvidia and AMD to stop selling technology to China immediately
p0571,the_liberal,pre,irish-news,Finally a bit of sanity returns to Spain as unvaccinated can now enter the country for holidays
p0572,the_liberal,pre,irish-news,Garda investigation underway after a woman is allegedly sexually assaulted in Dublin
p0573,the_liberal,pre,world-news,Migrant desperately trying to enter Europe is found hiding in cramped car glove box
p0574,the_liberal,pre,world-news,Teaser trailer of upcoming Bond movie ‘No time to die’ released
p0575,the_liberal,pre,irish-news,Cervical cancer patients will be able to get new drug Pembro following landmark decision
p0576,the_liberal,pre,world-news,"Covid-19: Travel restrictions re-introduced in Beijing, as coronavirus begins to spread again"
p0577,the_liberal,pre,irish-news,Covid-19: Dublin marathon canceled due to the ongoing coronavirus pandemic
p0578,the_liberal,pre,irish-news,Gardai seize equipment as part of an operation targeting illegal TV set top boxes
p0579,the_liberal,pre,irish-news,Ashling Murphy murder: Accused scheduled to make second appearance in court
p0580,the_liberal,pre,irish-news,"Covid-19: Irish health authorities report just over 21,300 new coronavirus infections over the past 24h"
p0581,the_liberal,pre,world-news,"Covid-19: UK reports record-busting daily coronavirus cases, with just over 93,000 new infections confirmed in the last 24h"
p0582,the_liberal,pre,irish-news,"Up, up and away! Ryanair launches huge sale but you must book by TONIGHT!"
p0583,the_liberal,pre,irish-news,"Leader of Irish Freedom Party spearheads campaign in EU Parliament to oppose MEPs, staff and visitors having to produce a Covid-19 vaccination certificate"
p0584,the_liberal,pre,irish-news,Chicken run! KFC re-opens 16 Irish outlets for delivery and drive-thru
p0585,the_liberal,pre,irish-news,Dr Glynn says Ireland is in a precarious position as R number is between 1.2 and 1.8
p0586,the_liberal,pre,irish-news,Covid-19: Fans might be allowed to attend sporting events ‘in small numbers’ from July
p0587,the_liberal,pre,world-news,Pfizer and BioNtech to start testing Covid-19 vaccine in pregnant women
p0588,the_liberal,pre,irish-news,BREAKING: Dublin fire brigade suspend fireman for ‘traveller joke video’
p0589,the_liberal,pre,irish-news,Jon Venables to launch fresh appeal for freedom from jail within weeks
p0590,the_liberal,pre,irish-news,Is your kid getting it? Children as young as 5 can now register to get the vaccine
p0591,the_liberal,pre,irish-news,Jeremy Clarkson goes viral on social media for telling Greta Thunberg to shut up you spoilt brat and go back to school
p0592,the_liberal,pre,irish-news,BREAKING: President Trump declares he is FIGHTING and is taking the election “shenanigans” to court
p0593,the_liberal,pre,irish-news,Government considering a once-off double Child Benefit payment to help with rising cost of living
p0594,the_liberal,pre,world-news,"Covid-19: UK adds Malta, the Balearic islands, and parts of the Caribbean to its ‘green’ travel list"
p0595,the_liberal,pre,irish-news,Recall notice: SuperValu issues urgent recall notice for a salad product due to undeclared ingredients
p0596,the_liberal,pre,irish-news,"Coronavirus: Disaster in Italy as death toll surpasses China’s, where the Covid-19 virus was first detected"
p0597,the_liberal,pre,irish-news,"Groups of young thugs run riot around Irish shopping center, forcing early closure"
p0598,the_liberal,pre,irish-news,Taniste Leo Varadkar remains silent on violent BLM rampage in his own constituency on New Year’s Eve
p0599,the_liberal,pre,world-news,Large crowd storms US embassy in Baghdad in protest over recent airstrikes that killed 25 fighters from an Iran-backed militia group
