detector,outlet,fpr_target,threshold,n_human,fpr_realised,tpr,tpr_GPT_4-o,tpr_gemma-2-9b,tpr_llama-8B,tpr_mistral-7B,tpr_qwen-2-72B,tpr_yi-large
binoculars,rte,0.01,-0.8810999989509583,1906,0.01049317943336831,0.5149713069233617,0.00014222727919214906,0.5839156048773805,0.7973604619191641,0.6617405582922824,0.7858511220580187,0.2305603201829617
binoculars,rte,0.05,-0.932394564151764,1906,0.05036726128016789,0.7143650499814883,0.016071682548712843,0.8503904644471846,0.8923563376409128,0.9174876847290641,0.9348659003831418,0.6466552315608919
binoculars,irish_examiner,0.01,-0.9021970629692078,1993,0.010035122930255895,0.6091725286930766,0.0012800455127293415,0.7198246335114399,0.8507011273027221,0.7985769020251778,0.8579638752052545,0.3957975986277873
binoculars,irish_examiner,0.05,-0.9432703256607056,1993,0.050175614651279475,0.7440994076268049,0.03029441046792775,0.881079599945198,0.9023920813857574,0.9448549534756431,0.9526546250684181,0.7264150943396226
binoculars,the_liberal,0.01,-0.8177161812782288,1997,0.010015022533800702,0.20200851536467976,0.0,0.14919852034525277,0.4125653010723123,0.1893814997263273,0.43336070060207993,0.012721555174385363
binoculars,the_liberal,0.05,-0.888910710811615,1997,0.0500751126690035,0.551693817104776,0.00014222727919214906,0.6391286477599671,0.8200439923013473,0.7179802955665024,0.8147235905856596,0.28730703259005147
binoculars,gript,0.01,-0.9317856431007384,1901,0.010520778537611783,0.7125370233246946,0.015787227990328546,0.8487464036169339,0.891806433874072,0.9155719759168035,0.9333607006020799,0.6415094339622641
binoculars,gript,0.05,-0.9523649215698242,1901,0.05049973698053656,0.7658737504627916,0.05049068411321291,0.900671324839019,0.9091284025295573,0.9592227695675971,0.9651067323481116,0.7851629502572899
fastdetectgpt,rte,0.01,1.9660724401474,1906,0.01049317943336831,0.5727045538689375,0.005973545726070261,0.6299493081244006,0.8120703876821557,0.7542419266557198,0.8275862068965517,0.37778730703259006
fastdetectgpt,rte,0.05,1.2867580652236938,1906,0.05036726128016789,0.7002036282858201,0.028872137676006257,0.7996985888477873,0.884932636788562,0.9157088122605364,0.9202244116037219,0.6240708976558034
fastdetectgpt,irish_examiner,0.01,1.866046667098999,1993,0.010035122930255895,0.5934607552758238,0.006969136680415304,0.6595424030689135,0.8259554577948859,0.7820197044334976,0.8444170771756979,0.413093196112064
fastdetectgpt,irish_examiner,0.05,1.0590577125549316,1993,0.050175614651279475,0.7322288041466124,0.04693500213340919,0.8423071653651185,0.8982678031344514,0.9418445539135194,0.9384236453201971,0.6991137793024585
fastdetectgpt,the_liberal,0.01,1.878361463546753,1997,0.010015022533800702,0.590938541281007,0.0068269094012231545,0.6554322509932867,0.8241682705526533,0.7795566502463054,0.8431855500821018,0.40766152086906804
fastdetectgpt,the_liberal,0.05,1.1972345113754272,1997,0.0500751126690035,0.7136245834875972,0.03484568340207652,0.8186052883956706,0.8920813857574924,0.9273399014778325,0.9281609195402298,0.6533733562035449
fastdetectgpt,gript,0.01,1.7709637880325315,1901,0.010520778537611783,0.6135227693446872,0.009387000426681837,0.6855733662145499,0.8379158647236734,0.8114395183360701,0.8602900930487137,0.44768439108061747
fastdetectgpt,gript,0.05,1.2143776416778564,1901,0.05049973698053656,0.7111486486486487,0.033565637889347175,0.8154541718043568,0.8902941985152598,0.9255610290093049,0.9263820470717022,0.6482275586049171
perplexity,rte,0.01,-2.069467067718506,1906,0.01049317943336831,0.763629211403184,0.27464087612003985,0.5577476366625566,0.9004674182018146,0.9679802955665024,0.9679802955665024,0.9006575185820469
perplexity,rte,0.05,-2.26761531829834,1906,0.05036726128016789,0.8829137356534617,0.5939411179064145,0.809151938621729,0.9133901567225735,0.9965790914066777,0.9946633825944171,0.9831332189822756
perplexity,irish_examiner,0.01,-2.0258712768554688,1993,0.010035122930255895,0.7304239170677527,0.21732328260560377,0.48910809699958896,0.894555952708276,0.951559934318555,0.9552545155993432,0.8613493424814179
perplexity,irish_examiner,0.05,-2.2776691913604736,1993,0.050175614651279475,0.8880738615327657,0.6120039823638174,0.8201123441567338,0.9133901567225735,0.9967159277504105,0.9952107279693486,0.9847055460263008
perplexity,the_liberal,0.01,-2.022306442260742,1997,0.010015022533800702,0.7276240281377268,0.21348314606741572,0.4840389094396493,0.8931811932911741,0.9488232074438971,0.9542966611932129,0.8584905660377359
perplexity,the_liberal,0.05,-2.295344352722168,1997,0.0500751126690035,0.8961264346538319,0.641160574598208,0.8357309220441156,0.9140775364311245,0.9969896004378763,0.9956212370005474,0.9874213836477987
perplexity,gript,0.01,-2.261636257171631,1901,0.010520778537611783,0.8800444279896334,0.5832740719670033,0.803534730785039,0.9132526807808633,0.9964422550629447,0.9941160372194855,0.9828473413379074
perplexity,gript,0.05,-2.477426528930664,1901,0.05049973698053656,0.9558728248796742,0.8792490399658655,0.9414988354569119,0.9165521033819082,0.9995894909688013,0.9993158182813355,0.9977129788450543
radar,rte,0.01,0.9838746786117554,1906,0.01049317943336831,0.04447426878933728,0.006400227563646707,0.057131113851212494,0.05237833379158647,0.046524356869184456,0.06212370005473454,0.040737564322469985
radar,rte,0.05,0.5985814332962036,1906,0.05036726128016789,0.6271751203258052,0.3760489261840421,0.5152760652144129,0.6512235358812208,0.7582101806239737,0.7341269841269841,0.722698684962836
radar,irish_examiner,0.01,0.980776309967041,1993,0.010035122930255895,0.05578952239911144,0.008249182193144645,0.06507740786409097,0.06585097607918615,0.06061850027367269,0.07758620689655173,0.05560320182961692
radar,irish_examiner,0.05,0.2236491590738296,1993,0.050175614651279475,0.8861069974083673,0.7304793059308775,0.8429921907110564,0.9098157822381083,0.9636015325670498,0.9289819376026273,0.9371069182389937
radar,the_liberal,0.01,0.999338448047638,1997,0.010015022533800702,9.255831173639393e-05,0.0,0.0004110152075626798,0.0,0.0,0.0,0.0001429388221841052
radar,the_liberal,0.05,0.9988116025924684,1997,0.0500751126690035,0.0002776749352091818,0.0,0.0010960405535004796,0.00027495188342040145,0.0,0.00013683634373289546,0.0001429388221841052
radar,gript,0.01,0.5044052600860596,1901,0.010520778537611783,0.698768974453906,0.45854074811548856,0.6017262638717632,0.7174869397855376,0.8251231527093597,0.7950191570881227,0.7894511149228131
radar,gript,0.05,0.0472536347806453,1901,0.05049973698053656,0.9876897445390596,0.9643009529227706,0.9853404575969311,0.9888644487214737,0.9989053092501369,0.9926108374384236,0.9955688965122927
