detector,period,scope,n_treatment,n_control,delta,ci_low,ci_high,p_value,material,is_primary,family,view,outlet
fastdetectgpt,post,all,11216,11216,0.010105545165760788,-0.004712191837725146,0.025434129439348006,0.18994786109087713,False,True,category,all,(category)
fastdetectgpt,post,band_0-150,1630,720,-0.12056918882072254,-0.17086537150647577,-0.07007783742331287,3.073942848532285e-06,False,False,category,all,(category)
fastdetectgpt,post,band_150-300,2285,1880,-0.20648447320638763,-0.24011435588248992,-0.17207265235811722,1.5795037669550375e-30,True,False,category,all,(category)
fastdetectgpt,post,band_300-600,3345,4559,0.05109123988392028,0.025854150744384147,0.0772437869081379,0.00010158845685564417,False,False,category,all,(category)
fastdetectgpt,post,band_600-inf,3956,4057,0.06774158334731095,0.04224866431909493,0.09264923462998072,1.51479104285985e-07,False,False,category,all,(category)
fastdetectgpt,post,year_2022,242,140,-0.0668240850059032,-0.18778187721369544,0.05348435655253835,0.2765451208533716,False,False,category,all,(category)
fastdetectgpt,post,year_2023,2944,2779,0.0100721443434455,-0.020183310240233437,0.04008384408686256,0.509549535041445,False,False,category,all,(category)
fastdetectgpt,post,year_2024,2863,2744,-0.08834033089309767,-0.11901377685947892,-0.058955003212801574,1.0229713355335689e-08,False,False,category,all,(category)
fastdetectgpt,post,year_2025,3694,3895,0.03927327595733421,0.013650368393946866,0.06565765669339935,0.0030596461750513632,False,False,category,all,(category)
fastdetectgpt,post,year_2026,1473,1658,0.11213585594173203,0.07278104800768469,0.1519797038285439,5.8416018177442667e-08,False,False,category,all,(category)
fastdetectgpt,post,band_pooled,11216,11216,-0.008769033399999725,,,,False,False,category,all,(category)
fastdetectgpt,pre,all,11216,11216,-0.08986075336130772,-0.1046730694006779,-0.07454738149189766,2.155171243326051e-31,False,False,category,all,(category)
fastdetectgpt,pre,band_0-150,3361,983,-0.10988318825568733,-0.15122853157046762,-0.06970077149082758,1.5362845841980393e-07,False,False,category,all,(category)
fastdetectgpt,pre,band_150-300,2810,2494,-0.445723972409227,-0.47304443119001616,-0.41826557403248227,3.0299577423708053e-173,True,False,category,all,(category)
fastdetectgpt,pre,band_300-600,2367,4595,-0.09159025097079765,-0.11940548151887145,-0.0633304831163721,3.615308419894827e-10,False,False,category,all,(category)
fastdetectgpt,pre,band_600-inf,2678,3144,0.06027603106644097,0.030322827648524314,0.09008443599435226,7.19082858034397e-05,False,False,category,all,(category)
fastdetectgpt,pre,band_pooled,11216,11216,-0.1394515332485342,,,,False,False,category,all,(category)
fastdetectgpt,pre,year_2019,1830,2855,-0.5352756643985721,-0.5633045371460288,-0.5068337496291618,2.0157996010547748e-210,True,False,pre_year,all,(category)
fastdetectgpt,pre,year_2020,2641,2839,-0.006682361050222907,-0.03750471971841339,0.02381324839462882,0.6685972158132363,False,False,pre_year,all,(category)
fastdetectgpt,pre,year_2021,2942,2890,0.03327821151254118,0.0035944406154511345,0.06246051105690407,0.027763553359684313,False,False,pre_year,all,(category)
fastdetectgpt,pre,year_2022,3803,2632,0.0062844323030850635,-0.02248972875357556,0.03428804007714267,0.6677358628667747,False,False,pre_year,all,(category)
fastdetectgpt,post,post_all,5608,5608,-0.12530718929143403,-0.14682827295070622,-0.10414599818936059,1.4425572970114543e-30,False,False,outlet,own_pre,rte
fastdetectgpt,post,year_2022,69,5608,0.04168992536541993,-0.0933344445822738,0.17982462941139976,0.551129920373152,False,False,outlet,own_pre,rte
fastdetectgpt,post,year_2023,1381,5608,-0.06738537374455233,-0.10074321002064907,-0.032819567784100695,0.00010234244579019537,False,False,outlet,own_pre,rte
fastdetectgpt,post,year_2024,1380,5608,-0.1336742024850628,-0.16763803391635135,-0.10027029838326203,1.3136797982995089e-14,False,False,outlet,own_pre,rte
fastdetectgpt,post,year_2025,1960,5608,-0.1456500735101458,-0.1759527342499054,-0.11602191612201228,7.008897293724753e-22,False,False,outlet,own_pre,rte
fastdetectgpt,post,year_2026,818,5608,-0.17432222218346827,-0.21756834673833048,-0.1294281614808046,7.229585095310008e-16,True,False,outlet,own_pre,rte
fastdetectgpt,post,band_0-150,576,649,-0.04243173258003763,-0.10658638824687557,0.022070412814586514,0.19940337127857766,False,False,outlet,own_pre,rte
fastdetectgpt,post,band_0-150_year_2022,9,649,0.22924156822461916,-0.10701078582434516,0.5432288991611025,0.2375157283961694,True,False,outlet,own_pre,rte
fastdetectgpt,post,band_0-150_year_2023,114,649,-0.0075149352580218265,-0.12432284486254153,0.112726056280918,0.8982603590219562,False,False,outlet,own_pre,rte
fastdetectgpt,post,band_0-150_year_2024,163,649,-0.010937071662869724,-0.11151701059676515,0.09189597965723567,0.8290639936955984,False,False,outlet,own_pre,rte
fastdetectgpt,post,band_0-150_year_2025,217,649,-0.073157569603715,-0.16288369913301565,0.015912818728565026,0.10635266957213177,False,False,outlet,own_pre,rte
fastdetectgpt,post,band_0-150_year_2026,73,649,-0.10944129007746373,-0.2577442640943918,0.04443084196973213,0.12498852489625203,False,False,outlet,own_pre,rte
fastdetectgpt,post,band_150-300,1239,1522,-0.07190848454573706,-0.11451180374151937,-0.028607541370631914,0.0011363883754013252,False,False,outlet,own_pre,rte
fastdetectgpt,post,band_150-300_year_2022,28,1522,-0.10202740754646145,-0.28590552844002254,0.09057748263562974,0.35439385603424856,False,False,outlet,own_pre,rte
fastdetectgpt,post,band_150-300_year_2023,303,1522,-0.07028271815354992,-0.1392564716392795,0.001128227145973361,0.053048783883237804,False,False,outlet,own_pre,rte
fastdetectgpt,post,band_150-300_year_2024,323,1522,-0.031940212283820824,-0.10021124640464109,0.03604126068436924,0.3666629980832308,False,False,outlet,own_pre,rte
fastdetectgpt,post,band_150-300_year_2025,414,1522,-0.0887022542167375,-0.15149736235692932,-0.025617275133786595,0.005589135397776048,False,False,outlet,own_pre,rte
fastdetectgpt,post,band_150-300_year_2026,171,1522,-0.10469450015753357,-0.1957114369366254,-0.01411577564146894,0.02460229840473706,False,False,outlet,own_pre,rte
fastdetectgpt,post,band_300-600,2097,2088,-0.1343951494289416,-0.16865532223555996,-0.09984920758902065,5.1327338886658434e-14,False,False,outlet,own_pre,rte
fastdetectgpt,post,band_300-600_year_2022,16,2088,-0.026580459770114917,-0.34955848898467434,0.2944309746168582,0.8546386155925777,False,False,outlet,own_pre,rte
fastdetectgpt,post,band_300-600_year_2023,553,2088,-0.08152501506931886,-0.13391713953150008,-0.028516650731295053,0.0031577885084397746,False,False,outlet,own_pre,rte
fastdetectgpt,post,band_300-600_year_2024,479,2088,-0.1744474839824347,-0.22999509074620655,-0.11823997752341649,2.4778308368249267e-09,True,False,outlet,own_pre,rte
fastdetectgpt,post,band_300-600_year_2025,741,2088,-0.14480018200526368,-0.19228190391983496,-0.09862898201146839,4.5129750414966e-09,False,False,outlet,own_pre,rte
fastdetectgpt,post,band_300-600_year_2026,308,2088,-0.14759976613424886,-0.22051674379260586,-0.07337413544310098,2.8212201288679342e-05,False,False,outlet,own_pre,rte
fastdetectgpt,post,band_600-inf,1696,1349,-0.14566039484174165,-0.1868908398254472,-0.10409199861532648,4.698341761661829e-12,False,False,outlet,own_pre,rte
fastdetectgpt,post,band_600-inf_year_2022,16,1349,0.17661230541141593,-0.10786925500370649,0.4546932913269087,0.2241185923475436,True,False,outlet,own_pre,rte
fastdetectgpt,post,band_600-inf_year_2023,411,1349,-0.005264781157169662,-0.06759868984685416,0.05849714756718053,0.8715041770155857,False,False,outlet,own_pre,rte
fastdetectgpt,post,band_600-inf_year_2024,415,1349,-0.19459840845963539,-0.2562105799030071,-0.13241196066698224,1.9394809511202245e-09,True,False,outlet,own_pre,rte
fastdetectgpt,post,band_600-inf_year_2025,588,1349,-0.18289309793598685,-0.23732520435898605,-0.12742989894252738,1.4672647205354043e-10,True,False,outlet,own_pre,rte
fastdetectgpt,post,band_600-inf_year_2026,266,1349,-0.22331774581004027,-0.2988693936472018,-0.1469423187323386,8.226898186665308e-09,True,False,outlet,own_pre,rte
fastdetectgpt,post,post_all,5608,5608,-0.14623482145945976,-0.16731089877462604,-0.1252394779162029,5.170273210524632e-41,False,False,outlet,own_pre,irish_examiner
fastdetectgpt,post,year_2022,71,5608,-0.08701854493580596,-0.2168536898997408,0.04726070402443187,0.20699106870798167,False,False,outlet,own_pre,irish_examiner
fastdetectgpt,post,year_2023,1398,5608,-0.08475553011332682,-0.11896302339392528,-0.05195365832379257,9.087677050307123e-07,False,False,outlet,own_pre,irish_examiner
fastdetectgpt,post,year_2024,1364,5608,-0.14190086637857102,-0.17428370028572504,-0.10789152671508236,3.939202184100572e-16,False,False,outlet,own_pre,irish_examiner
fastdetectgpt,post,year_2025,1935,5608,-0.16659165385735397,-0.19451929598543236,-0.13787035501148232,7.136911149249894e-28,True,False,outlet,own_pre,irish_examiner
fastdetectgpt,post,year_2026,840,5608,-0.2137032130969363,-0.2538338513008627,-0.17313771567828276,1.465325303002344e-23,True,False,outlet,own_pre,irish_examiner
fastdetectgpt,post,band_0-150,144,334,-0.23207751164337986,-0.34198374085163014,-0.11822188955422486,5.635984268106704e-05,True,False,outlet,own_pre,irish_examiner
fastdetectgpt,post,band_0-150_year_2023,29,334,-0.31344208135453233,-0.5228319223621721,-0.09209167871154245,0.005116554298618781,True,False,outlet,own_pre,irish_examiner
fastdetectgpt,post,band_0-150_year_2024,38,334,-0.04758903246139301,-0.26284273558146865,0.16704617081626197,0.631213832540996,False,False,outlet,own_pre,irish_examiner
fastdetectgpt,post,band_0-150_year_2025,63,334,-0.2360041821119665,-0.38076466115388274,-0.08326204733390363,0.0029622276288829522,True,False,outlet,own_pre,irish_examiner
fastdetectgpt,post,band_0-150_year_2026,14,334,-0.5466210436270317,-0.7502138579982891,-0.31223267750213857,0.0005318328821478357,True,False,outlet,own_pre,irish_examiner
fastdetectgpt,post,band_150-300,641,972,-0.1476184973324859,-0.2047407760507951,-0.09194922735181013,5.073620399088584e-07,False,False,outlet,own_pre,irish_examiner
fastdetectgpt,post,band_150-300_year_2022,8,972,-0.15946502057613166,-0.5162294238683127,0.19883616255144002,0.4442250527227061,True,False,outlet,own_pre,irish_examiner
fastdetectgpt,post,band_150-300_year_2023,191,972,-0.05722534634692866,-0.14586619050697006,0.029744091095167353,0.21069889882054949,False,False,outlet,own_pre,irish_examiner
fastdetectgpt,post,band_150-300_year_2024,161,972,-0.14970733328221253,-0.24305523605040513,-0.05573288091404031,0.002319359225812484,False,False,outlet,own_pre,irish_examiner
fastdetectgpt,post,band_150-300_year_2025,206,972,-0.20718965999440653,-0.292750409524951,-0.11927938591234173,2.9170329531436223e-06,True,False,outlet,own_pre,irish_examiner
fastdetectgpt,post,band_150-300_year_2026,75,972,-0.20844993141289436,-0.32932784636488344,-0.08767695473251039,0.002603521667581217,True,False,outlet,own_pre,irish_examiner
fastdetectgpt,post,band_300-600,2462,2507,-0.1411310718290979,-0.17315365068790325,-0.10895944645002113,7.02999151723306e-18,False,False,outlet,own_pre,irish_examiner
fastdetectgpt,post,band_300-600_year_2022,37,2507,-0.05229681216916959,-0.23494270097780273,0.13500630666566044,0.5845577194928875,False,False,outlet,own_pre,irish_examiner
fastdetectgpt,post,band_300-600_year_2023,641,2507,-0.08004234010604938,-0.1298149580550434,-0.0291415860862596,0.0017372598162712326,False,False,outlet,own_pre,irish_examiner
fastdetectgpt,post,band_300-600_year_2024,633,2507,-0.14863469174148092,-0.19628673206333486,-0.09996496382010307,7.182212420028495e-09,False,False,outlet,own_pre,irish_examiner
fastdetectgpt,post,band_300-600_year_2025,802,2507,-0.15180735834924053,-0.1965580912099488,-0.10639011267204943,9.147462589772903e-11,True,False,outlet,own_pre,irish_examiner
fastdetectgpt,post,band_300-600_year_2026,349,2507,-0.22460548858611362,-0.2863685405792149,-0.16158418319821974,9.902961971516322e-12,True,False,outlet,own_pre,irish_examiner
fastdetectgpt,post,band_600-inf,2361,1795,-0.08835994379417622,-0.12331234463466804,-0.054001927798404674,1.0260210157629549e-06,False,False,outlet,own_pre,irish_examiner
fastdetectgpt,post,band_600-inf_year_2022,26,1795,-0.03471180629955006,-0.25789693593314766,0.18843261195628871,0.7610527901566434,False,False,outlet,own_pre,irish_examiner
fastdetectgpt,post,band_600-inf_year_2023,537,1795,-0.0316324572187382,-0.08559675905033122,0.022319032279817155,0.2654375203080058,False,False,outlet,own_pre,irish_examiner
fastdetectgpt,post,band_600-inf_year_2024,532,1795,-0.08306699897375747,-0.13846953735313217,-0.026172482040756548,0.003569013895919457,False,False,outlet,own_pre,irish_examiner
fastdetectgpt,post,band_600-inf_year_2025,864,1795,-0.11012973279686367,-0.15563696095120189,-0.06405911482513149,4.107601526011807e-06,False,False,outlet,own_pre,irish_examiner
fastdetectgpt,post,band_600-inf_year_2026,402,1795,-0.1278232791474383,-0.1922172563367009,-0.06575271275932316,6.035664382242961e-05,False,False,outlet,own_pre,irish_examiner
fastdetectgpt,post,post_all,5608,5608,0.026934532591508686,0.005957097029717129,0.048318045623635335,0.013502231680792655,False,False,outlet,own_pre,the_liberal
fastdetectgpt,post,year_2022,75,5608,0.03893485496909177,-0.08259189253447458,0.16074251069900136,0.5618675378846736,False,False,outlet,own_pre,the_liberal
fastdetectgpt,post,year_2023,1485,5608,0.1024003708026533,0.06997563005230611,0.13399386158301996,1.2251534924174799e-09,False,False,outlet,own_pre,the_liberal
fastdetectgpt,post,year_2024,1433,5608,-0.1296557703928094,-0.16059861896025318,-0.09847551673265087,3.291194624441436e-14,False,False,outlet,own_pre,the_liberal
fastdetectgpt,post,year_2025,1885,5608,0.054474850251819085,0.025324332991520305,0.0831740181703289,0.00039453188622060357,False,False,outlet,own_pre,the_liberal
fastdetectgpt,post,year_2026,730,5608,0.1084600277490082,0.06805632364723592,0.14987436001406984,1.805826312598864e-06,False,False,outlet,own_pre,the_liberal
fastdetectgpt,post,band_0-150,1539,3227,-0.10539021289868034,-0.13985118456138734,-0.07003008042319983,3.817510799416124e-09,False,False,outlet,own_pre,the_liberal
fastdetectgpt,post,band_0-150_year_2022,33,3227,0.06209914452864562,-0.13861969556112727,0.25794715046341943,0.5388478328709075,False,False,outlet,own_pre,the_liberal
fastdetectgpt,post,band_0-150_year_2023,802,3227,0.008681426276267779,-0.036233401621449945,0.054938111801376664,0.703176201628527,False,False,outlet,own_pre,the_liberal
fastdetectgpt,post,band_0-150_year_2024,438,3227,-0.2651557279970794,-0.31966183585132857,-0.21013378132282837,1.9189735671408502e-19,True,False,outlet,own_pre,the_liberal
fastdetectgpt,post,band_0-150_year_2025,211,3227,-0.21416601923638967,-0.2934103836556777,-0.1318195703608623,1.7936102255336884e-07,True,False,outlet,own_pre,the_liberal
fastdetectgpt,post,band_0-150_year_2026,55,3227,-0.17963771586331234,-0.3338822999126687,-0.02241259824773936,0.022157808532349124,True,False,outlet,own_pre,the_liberal
fastdetectgpt,post,band_150-300,1814,1997,0.3096662634525107,0.27536659178403766,0.3439501313712575,2.078370679542565e-61,True,False,outlet,own_pre,the_liberal
fastdetectgpt,post,band_150-300_year_2022,15,1997,0.11447170756134195,-0.19906860290435652,0.4103188115506592,0.44449865570190017,False,False,outlet,own_pre,the_liberal
fastdetectgpt,post,band_150-300_year_2023,408,1997,0.27938230875725356,0.22002004231837963,0.3396149371115496,5.343540798015363e-19,True,False,outlet,own_pre,the_liberal
fastdetectgpt,post,band_150-300_year_2024,653,1997,0.187953446249006,0.13891775642023524,0.23724698839990457,5.190685359375318e-13,True,False,outlet,own_pre,the_liberal
fastdetectgpt,post,band_150-300_year_2025,532,1997,0.4349098836224261,0.3855094201452554,0.48318116272152584,9.328373372910152e-54,True,False,outlet,own_pre,the_liberal
fastdetectgpt,post,band_150-300_year_2026,206,1997,0.44623245547933554,0.3721744023802695,0.517593015737198,4.599446594363757e-26,True,False,outlet,own_pre,the_liberal
fastdetectgpt,post,band_300-600,1642,337,0.43468737914608013,0.37701191280807583,0.49312456402230753,2.505559838927948e-36,True,False,outlet,own_pre,the_liberal
fastdetectgpt,post,band_300-600_year_2022,22,337,0.3318046938224979,0.1402684111141084,0.5101227407607228,0.009133842563604607,True,False,outlet,own_pre,the_liberal
fastdetectgpt,post,band_300-600_year_2023,247,337,0.3712322348898953,0.28177536971852146,0.4592204375352899,1.7241405118123338e-14,True,False,outlet,own_pre,the_liberal
fastdetectgpt,post,band_300-600_year_2024,302,337,0.23786035726216914,0.1487776838878298,0.32491599033151886,2.046193381865047e-07,True,False,outlet,own_pre,the_liberal
fastdetectgpt,post,band_300-600_year_2025,782,337,0.4813724225337148,0.4184050255375018,0.5427459075489312,1.8809324618252325e-37,True,False,outlet,own_pre,the_liberal
fastdetectgpt,post,band_300-600_year_2026,289,337,0.5761091659564856,0.5030838972000041,0.6462173872865606,1.6622107377771527e-35,True,False,outlet,own_pre,the_liberal
fastdetectgpt,post,band_600-inf,613,47,0.19843115476727635,0.036616222970393165,0.3549703238346465,0.02328788519485006,True,False,outlet,own_pre,the_liberal
fastdetectgpt,post,band_600-inf_year_2022,5,47,0.16595744680851054,-0.42978723404255315,0.7276595744680852,0.5662780496814109,True,False,outlet,own_pre,the_liberal
fastdetectgpt,post,band_600-inf_year_2023,28,47,0.07598784194528885,-0.19604863221884494,0.34042553191489366,0.5876793869459045,False,False,outlet,own_pre,the_liberal
fastdetectgpt,post,band_600-inf_year_2024,40,47,0.06276595744680846,-0.17978723404255315,0.30747340425531877,0.6183248873735406,False,False,outlet,own_pre,the_liberal
fastdetectgpt,post,band_600-inf_year_2025,360,47,0.19101654846335703,0.024698581560283754,0.35130023640661934,0.033176585506127364,True,False,outlet,own_pre,the_liberal
fastdetectgpt,post,band_600-inf_year_2026,180,47,0.2633569739952719,0.08675531914893625,0.43192671394799026,0.005480668895162755,True,False,outlet,own_pre,the_liberal
fastdetectgpt,post,post_all,5608,5608,-0.09548006617813154,-0.11696243161771136,-0.0741527842713995,2.009647295360783e-18,False,False,outlet,own_pre,gript
fastdetectgpt,post,year_2022,167,5608,-0.044047425833069975,-0.12598154262089237,0.043136088735510454,0.331325547892127,False,False,outlet,own_pre,gript
fastdetectgpt,post,year_2023,1459,5608,-0.055314839566310336,-0.08755812097473598,-0.02131848143110945,0.0011150925053310561,False,False,outlet,own_pre,gript
fastdetectgpt,post,year_2024,1430,5608,-0.12135809981744361,-0.15465552457528212,-0.08717106805462728,1.2945714750569293e-12,False,False,outlet,own_pre,gript
fastdetectgpt,post,year_2025,1809,5608,-0.10910379155104177,-0.14086280487324038,-0.07803874213494262,2.7796877668128916e-12,False,False,outlet,own_pre,gript
fastdetectgpt,post,year_2026,743,5608,-0.10293552951657214,-0.14947869367544533,-0.056543706548806506,4.963175827765681e-06,False,False,outlet,own_pre,gript
fastdetectgpt,post,band_0-150,91,134,0.059209447269148674,-0.0975889781859931,0.21519189765458413,0.45189408493200145,False,False,outlet,own_pre,gript
fastdetectgpt,post,band_0-150_year_2022,2,134,-0.30597014925373134,-0.5373134328358209,-0.07462686567164178,0.49150326797385624,True,False,outlet,own_pre,gript
fastdetectgpt,post,band_0-150_year_2023,10,134,0.13731343283582098,-0.25970149253731345,0.517910447761194,0.4720935604917029,False,False,outlet,own_pre,gript
fastdetectgpt,post,band_0-150_year_2024,34,134,0.1347673397717295,-0.10316066725197537,0.3691834942932397,0.226278335300668,False,False,outlet,own_pre,gript
fastdetectgpt,post,band_0-150_year_2025,35,134,0.015351812366737771,-0.20341151385927503,0.23583155650319823,0.8904589352827998,False,False,outlet,own_pre,gript
fastdetectgpt,post,band_0-150_year_2026,10,134,-0.04925373134328359,-0.4044776119402985,0.3253731343283581,0.7984065903114429,False,False,outlet,own_pre,gript
fastdetectgpt,post,band_150-300,471,813,-0.11306972942340887,-0.17720821157256159,-0.04829430459909689,0.0007231274508402404,False,False,outlet,own_pre,gript
fastdetectgpt,post,band_150-300_year_2022,17,813,0.04565516243397738,-0.2673504087982056,0.3498444396208667,0.7474667028566643,False,False,outlet,own_pre,gript
fastdetectgpt,post,band_150-300_year_2023,119,813,-0.0799301270323628,-0.19433625848863528,0.02802257434339054,0.15866069779112746,False,False,outlet,own_pre,gript
fastdetectgpt,post,band_150-300_year_2024,128,813,-0.07551122386223863,-0.17797317035670351,0.026906999538745435,0.16928952726021296,False,False,outlet,own_pre,gript
fastdetectgpt,post,band_150-300_year_2025,155,813,-0.17246359560369795,-0.27226322263222635,-0.07201364916874976,0.0006584141773410868,True,False,outlet,own_pre,gript
fastdetectgpt,post,band_150-300_year_2026,52,813,-0.15621156211562115,-0.32288295959882674,0.010740136247516218,0.05873803928446447,True,False,outlet,own_pre,gript
fastdetectgpt,post,band_300-600,1703,2030,-0.027265995389185727,-0.0643507111472366,0.010331839784327248,0.15072852845464232,False,False,outlet,own_pre,gript
fastdetectgpt,post,band_300-600_year_2022,56,2030,0.054275158339197827,-0.09824243490499646,0.20649542575650953,0.4878699190449691,False,False,outlet,own_pre,gript
fastdetectgpt,post,band_300-600_year_2023,445,2030,-0.04653345879227322,-0.10543050866220179,0.01201599601483367,0.12369210038099818,False,False,outlet,own_pre,gript
fastdetectgpt,post,band_300-600_year_2024,414,2030,-0.03798338925775213,-0.10090883129863641,0.023556495561742836,0.22258238069108272,False,False,outlet,own_pre,gript
fastdetectgpt,post,band_300-600_year_2025,530,2030,-0.034136072125662276,-0.0908715494005019,0.022808207082442498,0.2255755233115937,False,False,outlet,own_pre,gript
fastdetectgpt,post,band_300-600_year_2026,258,2030,0.019578416771680596,-0.061542081949058726,0.10027580478863567,0.6080228287733065,False,False,outlet,own_pre,gript
fastdetectgpt,post,band_600-inf,3343,2631,-0.12571410640044667,-0.15349586825344472,-0.09648311231522089,6.588798859387209e-17,False,False,outlet,own_pre,gript
fastdetectgpt,post,band_600-inf_year_2022,92,2631,-0.10623337134169519,-0.2130707451291458,0.0030764050699849995,0.08284272864696303,False,False,outlet,own_pre,gript
fastdetectgpt,post,band_600-inf_year_2023,885,2631,-0.05212299248207486,-0.0938978970853814,-0.009948656501040447,0.020184021723167935,False,False,outlet,own_pre,gript
fastdetectgpt,post,band_600-inf_year_2024,854,2631,-0.17289621046841075,-0.2164162520906824,-0.12871656354561942,2.899054746183991e-14,True,False,outlet,own_pre,gript
fastdetectgpt,post,band_600-inf_year_2025,1089,2631,-0.1346305737308121,-0.17528148525090576,-0.09467413501310051,9.758398254791818e-11,False,False,outlet,own_pre,gript
fastdetectgpt,post,band_600-inf_year_2026,423,2631,-0.16570657364951258,-0.22617100348365052,-0.10620852663236034,4.301300201054985e-08,True,False,outlet,own_pre,gript
fastdetectgpt,post,all,11138,8034,-0.03264154145027287,-0.04926350701429496,-0.016391432434777458,0.0001122851779542478,False,False,sensitivity,non_wire,(category)
fastdetectgpt,post,year_2022,240,111,-0.030405405405405372,-0.16247372372372368,0.10030217717717708,0.6472514341304124,False,False,sensitivity,non_wire,(category)
fastdetectgpt,post,year_2023,2937,2032,-0.0017845222105152825,-0.03421840608151767,0.030716712712366603,0.9147120018164835,False,False,sensitivity,non_wire,(category)
fastdetectgpt,post,year_2024,2840,1979,-0.1250104975481997,-0.157991819029386,-0.09264552448597599,1.427395814905735e-13,False,False,sensitivity,non_wire,(category)
fastdetectgpt,post,year_2025,3663,2743,-0.02296367225277174,-0.05117164192993581,0.005074657562809273,0.11523675020985476,False,False,sensitivity,non_wire,(category)
fastdetectgpt,post,year_2026,1458,1169,0.047710575322019055,0.0032181961767236483,0.09132270438546775,0.03533724158151211,False,False,sensitivity,non_wire,(category)
fastdetectgpt,pre,all,11195,8600,-0.10801684722207794,-0.12375730392513272,-0.09171961579608842,6.57362442794988e-39,False,False,sensitivity,non_wire,(category)
binoculars,post,all,11216,11216,-0.06367807299944439,-0.07852404539997633,-0.04857687549539478,1.464926530789875e-16,False,False,category,all,(category)
binoculars,post,band_0-150,1630,720,-0.12945466939331973,-0.17782609066121335,-0.08152534935241995,5.452309992661299e-07,False,False,category,all,(category)
binoculars,post,band_150-300,2285,1880,-0.218213603985288,-0.25189262768285303,-0.1847045486288933,6.740689039243823e-34,True,False,category,all,(category)
binoculars,post,band_300-600,3345,4559,-0.022598641101833405,-0.04790774731956472,0.00334022356278131,0.0855799713835605,False,False,category,all,(category)
binoculars,post,band_600-inf,3956,4057,0.03166436669771233,0.006443108915846147,0.05651700377806343,0.014113939994942036,False,False,category,all,(category)
binoculars,post,year_2022,242,140,0.004132231404958775,-0.11564492325855959,0.12361570247933872,0.9467130122567587,False,False,category,all,(category)
binoculars,post,year_2023,2944,2779,-0.06726130176635325,-0.09702479142872786,-0.03740345144875387,1.0606854229452124e-05,False,False,category,all,(category)
binoculars,post,year_2024,2863,2744,-0.18702718101361593,-0.21700696925893756,-0.15809034400397548,7.83382556174254e-34,True,False,category,all,(category)
binoculars,post,year_2025,3694,3895,-0.02640162411654612,-0.05180023394284039,7.372222797531951e-05,0.04648080842654625,False,False,category,all,(category)
binoculars,post,year_2026,1473,1658,0.06976030961816115,0.030833316954886437,0.10986931432450774,0.0007407567151506765,False,False,category,all,(category)
binoculars,post,band_pooled,11216,11216,-0.05072981555782578,,,,False,False,category,all,(category)
binoculars,pre,all,11216,11216,-0.17051335588195793,-0.18532159596363254,-0.1552409011826008,2.2005720281047736e-108,True,False,category,all,(category)
binoculars,pre,band_0-150,3361,983,-0.14645976543216233,-0.1850921935927731,-0.10700890896505094,2.6506183363872346e-12,False,False,category,all,(category)
binoculars,pre,band_150-300,2810,2494,-0.4238679592588047,-0.4515552593127421,-0.3957378063223623,7.23260935750026e-157,True,False,category,all,(category)
binoculars,pre,band_300-600,2367,4595,-0.14706301232075236,-0.17540068993638958,-0.11978992292001973,7.716470347346085e-24,False,False,category,all,(category)
binoculars,pre,band_600-inf,2678,3144,0.04421452148977534,0.014414433433670305,0.07376858335376184,0.0035907500115080894,False,False,category,all,(category)
binoculars,pre,band_pooled,11216,11216,-0.1627519893281749,,,,True,False,category,all,(category)
binoculars,pre,year_2019,1830,2855,-0.5841593216770502,-0.6105343898634359,-0.5572631850937384,3.315992438079178e-250,True,False,pre_year,all,(category)
binoculars,pre,year_2020,2641,2839,-0.09887621687377857,-0.1297350329076573,-0.06855418503483494,2.386411743050927e-10,False,False,pre_year,all,(category)
binoculars,pre,year_2021,2942,2890,-0.0891885566159123,-0.11815908898449606,-0.059190159108390844,3.682765571871302e-09,False,False,pre_year,all,(category)
binoculars,pre,year_2022,3803,2632,-0.05582868508064742,-0.08387945307136348,-0.02772560176856053,0.00013705350896271027,False,False,pre_year,all,(category)
binoculars,post,post_all,5608,5608,-0.08744287379350058,-0.10896823333311285,-0.06561688465097751,1.0606089758475124e-15,False,False,outlet,own_pre,rte
binoculars,post,year_2022,69,5608,-0.02556389422977523,-0.15659642539643162,0.10906494862411859,0.7147462427184785,False,False,outlet,own_pre,rte
binoculars,post,year_2023,1381,5608,-0.043324112341839194,-0.07673641849184104,-0.010373918866293278,0.012497965361978518,False,False,outlet,own_pre,rte
binoculars,post,year_2024,1380,5608,-0.08059513841510058,-0.11421849480038869,-0.04728778698649959,3.397403819598365e-06,False,False,outlet,own_pre,rte
binoculars,post,year_2025,1960,5608,-0.0969739839587761,-0.1265717046893651,-0.06767415900026198,1.5465469207260286e-10,False,False,outlet,own_pre,rte
binoculars,post,year_2026,818,5608,-0.15586164891928755,-0.19694554735812267,-0.11382883537838022,5.500112778705803e-13,True,False,outlet,own_pre,rte
binoculars,post,band_0-150,576,649,-0.013193374422187931,-0.07815763567882215,0.05185528483992461,0.6899311731792928,False,False,outlet,own_pre,rte
binoculars,post,band_0-150_year_2022,9,649,0.01078582434514641,-0.3367659647320664,0.3812788906009244,0.9563494964153914,False,False,outlet,own_pre,rte
binoculars,post,band_0-150_year_2023,114,649,0.026464466250371688,-0.0894236747492769,0.142272186629903,0.6520992141528333,False,False,outlet,own_pre,rte
binoculars,post,band_0-150_year_2024,163,649,0.022809986104152635,-0.07960571714860996,0.12256042802990906,0.6523636294790293,False,False,outlet,own_pre,rte
binoculars,post,band_0-150_year_2025,217,649,-0.03708647831119127,-0.12458124161240618,0.05358900257752084,0.41305340411615166,False,False,outlet,own_pre,rte
binoculars,post,band_0-150_year_2026,73,649,-0.08744749562023768,-0.23123139920214444,0.057570128965531646,0.22027588314749547,False,False,outlet,own_pre,rte
binoculars,post,band_150-300,1239,1522,-0.07456418055763248,-0.11749724779107394,-0.03115863753461473,0.0007393008956285233,False,False,outlet,own_pre,rte
binoculars,post,band_150-300_year_2022,28,1522,-0.06809648958137793,-0.2388809367373756,0.10113807020837248,0.5365494110686708,False,False,outlet,own_pre,rte
binoculars,post,band_150-300_year_2023,303,1522,-0.07796541809240054,-0.14798245100462745,-0.008229466179206639,0.031873334704346036,False,False,outlet,own_pre,rte
binoculars,post,band_150-300_year_2024,323,1522,-0.0057301985736545324,-0.07499532145661367,0.06374845913190641,0.8713781459630673,False,False,outlet,own_pre,rte
binoculars,post,band_150-300_year_2025,414,1522,-0.07869127197242376,-0.14220974817015491,-0.014885067321792466,0.01396267899091274,False,False,outlet,own_pre,rte
binoculars,post,band_150-300_year_2026,171,1522,-0.18962430166524502,-0.276385142663931,-0.10259642206699413,4.682418911823877e-05,True,False,outlet,own_pre,rte
binoculars,post,band_300-600,2097,2088,-0.11927182967092198,-0.15403200978591927,-0.08480420738804022,2.3679316792499284e-11,False,False,outlet,own_pre,rte
binoculars,post,band_300-600_year_2022,16,2088,-0.07590996168582376,-0.36955818965517245,0.22965906369731773,0.6005671275160499,False,False,outlet,own_pre,rte
binoculars,post,band_300-600_year_2023,553,2088,-0.06874207561680279,-0.1209683726174887,-0.015853962711230296,0.012807342436327187,False,False,outlet,own_pre,rte
binoculars,post,band_300-600_year_2024,479,2088,-0.14514393812140558,-0.20241428302897957,-0.09008275742087202,7.003718376871924e-07,False,False,outlet,own_pre,rte
binoculars,post,band_300-600_year_2025,741,2088,-0.13263116529904184,-0.180993796567753,-0.08577450478539408,7.813983057578677e-08,False,False,outlet,own_pre,rte
binoculars,post,band_300-600_year_2026,308,2088,-0.13987162263024333,-0.20981730793153208,-0.0679300704085187,7.242185536253654e-05,False,False,outlet,own_pre,rte
binoculars,post,band_600-inf,1696,1349,-0.12072840468830859,-0.1610670945983748,-0.07975416582164284,9.990198052526959e-09,False,False,outlet,own_pre,rte
binoculars,post,band_600-inf_year_2022,16,1349,0.18217197924388429,-0.08683052260934027,0.43691160118606354,0.20986843369339392,True,False,outlet,own_pre,rte
binoculars,post,band_600-inf_year_2023,411,1349,-0.021161931249425114,-0.08378027158984126,0.04232097669896957,0.5154865007244555,False,False,outlet,own_pre,rte
binoculars,post,band_600-inf_year_2024,415,1349,-0.16836925165450534,-0.2294326453329999,-0.10575236453597932,2.061604143940332e-07,True,False,outlet,own_pre,rte
binoculars,post,band_600-inf_year_2025,588,1349,-0.1227049010857123,-0.17779732908730575,-0.06617348199472523,1.710472586001412e-05,False,False,outlet,own_pre,rte
binoculars,post,band_600-inf_year_2026,266,1349,-0.21409342481481686,-0.2896048033352469,-0.14071994292625567,3.282430899749741e-08,True,False,outlet,own_pre,rte
binoculars,post,post_all,5608,5608,-0.0964564518081974,-0.11783485111319474,-0.07554790410479426,9.047300399807209e-19,False,False,outlet,own_pre,irish_examiner
binoculars,post,year_2022,71,5608,-0.09109973679451888,-0.22194525928753694,0.04045723162082328,0.18647908454250495,False,False,outlet,own_pre,irish_examiner
binoculars,post,year_2023,1398,5608,-0.04401871228308629,-0.07743023455149907,-0.011018769298508823,0.010763576820661444,False,False,outlet,own_pre,irish_examiner
binoculars,post,year_2024,1364,5608,-0.10178928510171892,-0.1337284614616321,-0.06942465544613692,5.24091793769627e-09,False,False,outlet,own_pre,irish_examiner
binoculars,post,year_2025,1935,5608,-0.10140017767161713,-0.12963987631180265,-0.07243606402076036,2.7188089044840502e-11,False,False,outlet,own_pre,irish_examiner
binoculars,post,year_2026,840,5608,-0.16413287140819233,-0.2027274652282454,-0.12492841858569392,1.549284643347051e-14,True,False,outlet,own_pre,irish_examiner
binoculars,post,band_0-150,144,334,-0.24193280106453763,-0.3492598137059215,-0.1304048153692615,2.6856706747691246e-05,True,False,outlet,own_pre,irish_examiner
binoculars,post,band_0-150_year_2023,29,334,-0.33739417716291553,-0.542024571546562,-0.1228319223621726,0.002581606781282689,True,False,outlet,own_pre,irish_examiner
binoculars,post,band_0-150_year_2024,38,334,-0.07989284588717305,-0.29247163567601636,0.13426961865742182,0.4200121334903266,False,False,outlet,own_pre,irish_examiner
binoculars,post,band_0-150_year_2025,63,334,-0.23096663815226692,-0.3751615815987073,-0.08078842315369265,0.003635296894759349,True,False,outlet,own_pre,irish_examiner
binoculars,post,band_0-150_year_2026,14,334,-0.5333618477331052,-0.7771706586826347,-0.2463430282292561,0.0007245250098779172,True,False,outlet,own_pre,irish_examiner
binoculars,post,band_150-300,641,972,-0.11838498231287276,-0.17527293067031324,-0.061577444579264694,5.6093201827701226e-05,False,False,outlet,own_pre,irish_examiner
binoculars,post,band_150-300_year_2022,8,972,0.05915637860082312,-0.32229938271604935,0.42463991769547316,0.7775275663722976,False,False,outlet,own_pre,irish_examiner
binoculars,post,band_150-300_year_2023,191,972,-0.03514101652554247,-0.12417910930127332,0.05212225023161621,0.4421504373815208,False,False,outlet,own_pre,irish_examiner
binoculars,post,band_150-300_year_2024,161,972,-0.12073460624185262,-0.21474931625897814,-0.02497156404161236,0.014031506174190802,False,False,outlet,own_pre,irish_examiner
binoculars,post,band_150-300_year_2025,206,972,-0.18397658715889564,-0.2684530944104839,-0.09716678652762792,3.287034155432849e-05,True,False,outlet,own_pre,irish_examiner
binoculars,post,band_150-300_year_2026,75,972,-0.16411522633744857,-0.2958299039780521,-0.031547325102880705,0.017759751894866654,True,False,outlet,own_pre,irish_examiner
binoculars,post,band_300-600,2462,2507,-0.12497743928697458,-0.1569886891844995,-0.09328179229757003,2.376454187496277e-14,False,False,outlet,own_pre,irish_examiner
binoculars,post,band_300-600_year_2022,37,2507,-0.14364104830798086,-0.32849912137905757,0.05053256287799553,0.13312319046202245,False,False,outlet,own_pre,irish_examiner
binoculars,post,band_300-600_year_2023,641,2507,-0.06478397149448001,-0.113945601302313,-0.015378951416532987,0.0112511209891448,False,False,outlet,own_pre,irish_examiner
binoculars,post,band_300-600_year_2024,633,2507,-0.1463901076984444,-0.19476776242949442,-0.09694366043640207,1.2035571154251e-08,False,False,outlet,own_pre,irish_examiner
binoculars,post,band_300-600_year_2025,802,2507,-0.11812461268050456,-0.16236252955564814,-0.07283239100095794,4.593871432449011e-07,False,False,outlet,own_pre,irish_examiner
binoculars,post,band_300-600_year_2026,349,2507,-0.21046513887190366,-0.27269256397273883,-0.1481991398296804,1.7789628701359643e-10,True,False,outlet,own_pre,irish_examiner
binoculars,post,band_600-inf,2361,1795,-0.07988730519974663,-0.11585133418043199,-0.04586290215066319,9.961086280040258e-06,False,False,outlet,own_pre,irish_examiner
binoculars,post,band_600-inf_year_2022,26,1795,-0.0726376687379473,-0.29963788300835653,0.14866402399828574,0.5244117118214935,False,False,outlet,own_pre,irish_examiner
binoculars,post,band_600-inf_year_2023,537,1795,-0.011385858711608354,-0.06556916325609626,0.04233905479217566,0.6885530191164868,False,False,outlet,own_pre,irish_examiner
binoculars,post,band_600-inf_year_2024,532,1795,-0.06615075292688544,-0.12208960772404547,-0.008490585795966288,0.02031282696785458,False,False,outlet,own_pre,irish_examiner
binoculars,post,band_600-inf_year_2025,864,1795,-0.09229663158980705,-0.13844710744867428,-0.04736755906324154,0.00011336879853127606,False,False,outlet,own_pre,irish_examiner
binoculars,post,band_600-inf_year_2026,402,1795,-0.16336978062334562,-0.2248071619617788,-0.10391614351640131,2.9445529374810064e-07,True,False,outlet,own_pre,irish_examiner
binoculars,post,post_all,5608,5608,0.10015200798329671,0.07890703697184165,0.12170341549594935,4.1066816808522577e-20,False,False,outlet,own_pre,the_liberal
binoculars,post,year_2022,75,5608,0.1679077508321445,0.043713623395149816,0.28949155967665235,0.012360344938224322,True,False,outlet,own_pre,the_liberal
binoculars,post,year_2023,1485,5608,0.1210705485669823,0.08739709265743492,0.1540713663021081,6.725952142202868e-13,False,False,outlet,own_pre,the_liberal
binoculars,post,year_2024,1433,5608,-0.07553261067580652,-0.1063413795266059,-0.04410266387465624,9.892785983676231e-06,False,False,outlet,own_pre,the_liberal
binoculars,post,year_2025,1885,5608,0.1701502590085402,0.14273137654809157,0.19700042947362037,1.7800299188383669e-28,True,False,outlet,own_pre,the_liberal
binoculars,post,year_2026,730,5608,0.21475973657983705,0.17821983760967694,0.2510195562112833,3.2936590352736422e-21,True,False,outlet,own_pre,the_liberal
binoculars,post,band_0-150,1539,3227,-0.04669784850170744,-0.08272458180077007,-0.010789451535160765,0.009036526090027263,False,False,outlet,own_pre,the_liberal
binoculars,post,band_0-150_year_2022,33,3227,0.10155787813054618,-0.11683193884929238,0.31278840465391433,0.3148421619058793,False,False,outlet,own_pre,the_liberal
binoculars,post,band_0-150_year_2023,802,3227,0.04951751393131665,0.003503655642424741,0.09559562899383087,0.0297462540287665,False,False,outlet,own_pre,the_liberal
binoculars,post,band_0-150_year_2024,438,3227,-0.1989704448623416,-0.25139352891484945,-0.1451508250166617,1.3159639897461153e-11,True,False,outlet,own_pre,the_liberal
binoculars,post,band_0-150_year_2025,211,3227,-0.11164537367619476,-0.1901495380358556,-0.03183462403270993,0.006509496780486009,False,False,outlet,own_pre,the_liberal
binoculars,post,band_0-150_year_2026,55,3227,-0.07684029636307299,-0.22885412851790296,0.07538425782460495,0.3278244526033598,False,False,outlet,own_pre,the_liberal
binoculars,post,band_150-300,1814,1997,0.23924475467335515,0.20391626579891894,0.27503897798185706,2.2847901011402213e-37,True,False,outlet,own_pre,the_liberal
binoculars,post,band_150-300_year_2022,15,1997,0.18611250208646313,-0.17649974962443668,0.5195476548155566,0.21376246186353487,True,False,outlet,own_pre,the_liberal
binoculars,post,band_150-300_year_2023,408,1997,0.23659999803627008,0.17317557218180202,0.299071094386678,4.654210779593372e-14,True,False,outlet,own_pre,the_liberal
binoculars,post,band_150-300_year_2024,653,1997,0.10076753721700471,0.0484454476508024,0.1523393052825791,0.00010840741267279766,False,False,outlet,own_pre,the_liberal
binoculars,post,band_150-300_year_2025,532,1997,0.3814650547249445,0.328048204826036,0.4339431845136125,9.155351868655586e-42,True,False,outlet,own_pre,the_liberal
binoculars,post,band_150-300_year_2026,206,1997,0.32002372490775,0.23105155305774192,0.40674324593686645,3.652710430694491e-14,True,False,outlet,own_pre,the_liberal
binoculars,post,band_300-600,1642,337,0.3493423739595267,0.2885626560935677,0.40979680277001695,4.7258815744312604e-24,True,False,outlet,own_pre,the_liberal
binoculars,post,band_300-600_year_2022,22,337,0.3903425950903696,0.17102778527110862,0.5867278122471,0.0021612823212614485,True,False,outlet,own_pre,the_liberal
binoculars,post,band_300-600_year_2023,247,337,0.3412943451987649,0.25034959574238036,0.43086894364420514,1.7744563921974151e-12,True,False,outlet,own_pre,the_liberal
binoculars,post,band_300-600_year_2024,302,337,0.13942657260203983,0.04965462691846649,0.2287234460667753,0.0023258968226309625,False,False,outlet,own_pre,the_liberal
binoculars,post,band_300-600_year_2025,782,337,0.38614372339053027,0.31963959109640494,0.4516388777159684,1.075639007684814e-24,True,False,outlet,own_pre,the_liberal
binoculars,post,band_300-600_year_2026,289,337,0.4728779275717967,0.39367100304950053,0.5486749561056748,1.830464711003439e-24,True,False,outlet,own_pre,the_liberal
binoculars,post,band_600-inf,613,47,0.07306237201069044,-0.10520460935059525,0.247311790635521,0.4036744157221469,False,False,outlet,own_pre,the_liberal
binoculars,post,band_600-inf_year_2022,5,47,0.06382978723404253,-0.5321276595744678,0.6340425531914893,0.8331909686951702,False,False,outlet,own_pre,the_liberal
binoculars,post,band_600-inf_year_2023,28,47,-0.04407294832826747,-0.3221884498480243,0.23404255319148937,0.7549060982912731,False,False,outlet,own_pre,the_liberal
binoculars,post,band_600-inf_year_2024,40,47,-0.19787234042553192,-0.43297872340425536,0.051063829787234116,0.11414253709768382,True,False,outlet,own_pre,the_liberal
binoculars,post,band_600-inf_year_2025,360,47,0.05330969267139474,-0.12789598108747047,0.23487293144208032,0.5525407340602324,False,False,outlet,own_pre,the_liberal
binoculars,post,band_600-inf_year_2026,180,47,0.19125295508274243,-0.005673758865248235,0.3799113475177305,0.043738107462540865,True,False,outlet,own_pre,the_liberal
binoculars,post,post_all,5608,5608,-0.03023342316153199,-0.05185544510109871,-0.00871793415662568,0.005557780009562939,False,False,outlet,own_pre,gript
binoculars,post,year_2022,167,5608,0.02123249933798599,-0.062105514363569536,0.10584657183493215,0.6395975202047266,False,False,outlet,own_pre,gript
binoculars,post,year_2023,1459,5608,-0.009151105001275917,-0.04127730420851836,0.02370696872381477,0.5896958688982263,False,False,outlet,own_pre,gript
binoculars,post,year_2024,1430,5608,-0.045733991400895846,-0.07909433514060833,-0.012245839485051367,0.0075016207498206245,False,False,outlet,own_pre,gript
binoculars,post,year_2025,1809,5608,-0.03445543719033617,-0.06488641502820341,-0.0037859767969473167,0.027315945280325687,False,False,outlet,own_pre,gript
binoculars,post,year_2026,743,5608,-0.043087360298592836,-0.08733074314140733,0.0012129674873235117,0.05595337772572113,False,False,outlet,own_pre,gript
binoculars,post,band_0-150,91,134,0.042479908151549894,-0.1120223060521568,0.19813432835820888,0.589599816516053,False,False,outlet,own_pre,gript
binoculars,post,band_0-150_year_2022,2,134,-0.5895522388059702,-0.7238805970149254,-0.4477611940298507,0.17690631808278864,True,False,outlet,own_pre,gript
binoculars,post,band_0-150_year_2023,10,134,0.06119402985074629,-0.30746268656716413,0.4298507462686567,0.7502726113139122,False,False,outlet,own_pre,gript
binoculars,post,band_0-150_year_2024,34,134,0.1084284460052678,-0.12949956101843718,0.3415276558384548,0.3304870528486995,False,False,outlet,own_pre,gript
binoculars,post,band_0-150_year_2025,35,134,0.02558635394456288,-0.18933901918976548,0.24648187633262264,0.817445034221997,False,False,outlet,own_pre,gript
binoculars,post,band_0-150_year_2026,10,134,-0.014925373134328401,-0.28656716417910444,0.26417910447761184,0.9404866235552666,False,False,outlet,own_pre,gript
binoculars,post,band_150-300,471,813,-0.10780496339995249,-0.17291035012260947,-0.04232430540865919,0.0012674805267192434,False,False,outlet,own_pre,gript
binoculars,post,band_150-300_year_2022,17,813,0.004124158888647811,-0.2942659720714854,0.2978872729903769,0.9771671994737189,False,False,outlet,own_pre,gript
binoculars,post,band_150-300_year_2023,119,813,-0.0611181742069522,-0.17698740012610215,0.05043515561206024,0.2811260125830447,False,False,outlet,own_pre,gript
binoculars,post,band_150-300_year_2024,128,813,-0.07343557810578105,-0.17835322493849942,0.031904885455104524,0.18131940603140273,False,False,outlet,own_pre,gript
binoculars,post,band_150-300_year_2025,155,813,-0.16389318731896996,-0.26665873110344007,-0.0615351347061858,0.0012077122175276351,True,False,outlet,own_pre,gript
binoculars,post,band_150-300_year_2026,52,813,-0.16865360961301923,-0.32628914750685967,-0.01258042388116194,0.041278698655360095,True,False,outlet,own_pre,gript
binoculars,post,band_300-600,1703,2030,0.0022032981495998527,-0.03472841320301179,0.04017665146120008,0.9075705677121823,False,False,outlet,own_pre,gript
binoculars,post,band_300-600_year_2022,56,2030,-0.005031667839549558,-0.16407591484869805,0.15596938775510202,0.9488040970004766,False,False,outlet,own_pre,gript
binoculars,post,band_300-600_year_2023,445,2030,-0.03582443128355561,-0.09631776166491397,0.023753473183151626,0.2359517852463655,False,False,outlet,own_pre,gript
binoculars,post,band_300-600_year_2024,414,2030,0.03502534447062189,-0.029492932105375857,0.09713149377692114,0.2607157962646245,False,False,outlet,own_pre,gript
binoculars,post,band_300-600_year_2025,530,2030,-0.016988567710753744,-0.0739905195650153,0.040381959289896824,0.5464555905819661,False,False,outlet,own_pre,gript
binoculars,post,band_300-600_year_2026,258,2030,0.05612135792568829,-0.02114493832817815,0.13488381639744904,0.14147773403954195,False,False,outlet,own_pre,gript
binoculars,post,band_600-inf,3343,2631,-0.1114398802196549,-0.1402428197679409,-0.08317834096399805,1.3055499093581674e-13,False,False,outlet,own_pre,gript
binoculars,post,band_600-inf_year_2022,92,2631,-0.00530464528283181,-0.11152293722010152,0.10191859600416424,0.9310351793531927,False,False,outlet,own_pre,gript
binoculars,post,band_600-inf_year_2023,885,2631,-0.06019536727458574,-0.1038531030499026,-0.016955433585219268,0.007303807243387878,False,False,outlet,own_pre,gript
binoculars,post,band_600-inf_year_2024,854,2631,-0.16752786315565538,-0.21101826359644552,-0.12439297886752881,1.7492111898861183e-13,True,False,outlet,own_pre,gript
binoculars,post,band_600-inf_year_2025,1089,2631,-0.10149070261022164,-0.14137292206121896,-0.061327259673895976,1.0723939120357626e-06,False,False,outlet,own_pre,gript
binoculars,post,band_600-inf_year_2026,423,2631,-0.15411447255984967,-0.21461686582868564,-0.09424999977536434,3.4912300848449374e-07,True,False,outlet,own_pre,gript
binoculars,post,all,11138,8034,-0.08668728920225155,-0.10331656819175714,-0.0703770495639537,1.0953308232298422e-24,False,False,sensitivity,non_wire,(category)
binoculars,post,year_2022,240,111,0.00908408408408401,-0.11742117117117115,0.13934121621621626,0.8915733629654763,False,False,sensitivity,non_wire,(category)
binoculars,post,year_2023,2937,2032,-0.07115786503449073,-0.10292466015324438,-0.039412358511685064,1.9469649740239844e-05,False,False,sensitivity,non_wire,(category)
binoculars,post,year_2024,2840,1979,-0.20038147022610653,-0.23260098107594537,-0.16901247428990318,2.111646302750131e-32,True,False,sensitivity,non_wire,(category)
binoculars,post,year_2025,3663,2743,-0.06117813700752084,-0.08949366710030215,-0.03266127294563313,2.7138440255778634e-05,False,False,sensitivity,non_wire,(category)
binoculars,post,year_2026,1458,1169,0.024168007312828754,-0.019554189680603518,0.06871454034904906,0.2864158080530419,False,False,sensitivity,non_wire,(category)
binoculars,pre,all,11195,8600,-0.1782028937337059,-0.19413808282351966,-0.16232948056129715,9.03607354241663e-103,True,False,sensitivity,non_wire,(category)
perplexity,post,all,11216,11216,-0.09912672675930656,-0.11404207867689774,-0.08389612584573243,7.838575548531715e-38,False,False,category,all,(category)
perplexity,post,band_0-150,1630,720,-0.23624062713019767,-0.28473875255623726,-0.18653808793456034,6.123427392960889e-20,True,False,category,all,(category)
perplexity,post,band_150-300,2285,1880,-0.19637087387680996,-0.229715314958797,-0.16304199450626197,9.054610720445076e-28,True,False,category,all,(category)
perplexity,post,band_300-600,3345,4559,0.07688846877560485,0.05094783688107203,0.1027537901180044,4.936663109159695e-09,False,False,category,all,(category)
perplexity,post,band_600-inf,3956,4057,-0.14054806220657945,-0.16577250856288786,-0.11542845094411716,1.2297921746609503e-27,False,False,category,all,(category)
perplexity,post,year_2022,242,140,-0.33217237308146397,-0.44250295159386066,-0.2201844746162929,6.275963403461453e-08,True,False,category,all,(category)
perplexity,post,year_2023,2944,2779,-0.20988449864668246,-0.2392657512623794,-0.18082890029745605,5.555153079629258e-43,True,False,category,all,(category)
perplexity,post,year_2024,2863,2744,-0.2027765275063671,-0.23258471918281803,-0.17330259320433924,1.8063287700199682e-39,True,False,category,all,(category)
perplexity,post,year_2025,3694,3895,-0.0023058590657716316,-0.027891720466801415,0.024503736760788312,0.8619560094810561,False,False,category,all,(category)
perplexity,post,year_2026,1473,1658,0.10413498460835457,0.06435549378151317,0.14548541417407188,4.738484656304576e-07,False,False,category,all,(category)
perplexity,post,band_pooled,11216,11216,-0.0843230799176096,,,,False,False,category,all,(category)
perplexity,pre,all,11216,11216,-0.35580706839984044,-0.3698570547526358,-0.3415887042545192,0.0,True,False,category,all,(category)
perplexity,pre,band_0-150,3361,983,-0.273015860524483,-0.3127125731303023,-0.23336880191460727,7.284164638353134e-39,True,False,category,all,(category)
perplexity,pre,band_150-300,2810,2494,-0.6203937135959041,-0.6427728755418699,-0.5971214045381513,0.0,True,False,category,all,(category)
perplexity,pre,band_300-600,2367,4595,-0.31934143438547713,-0.34673683487084156,-0.2921025866638348,6.180675253536177e-106,True,False,category,all,(category)
perplexity,pre,band_600-inf,2678,3144,-0.2895134846748646,-0.31742666722251045,-0.2614303926822455,4.668528477486201e-81,True,False,category,all,(category)
perplexity,pre,band_pooled,11216,11216,-0.37381204212730845,,,,True,False,category,all,(category)
perplexity,pre,year_2019,1830,2855,-0.8127556869838171,-0.8310904845300642,-0.793714009550879,0.0,True,False,pre_year,all,(category)
perplexity,pre,year_2020,2641,2839,-0.2668280384683559,-0.2962940590965429,-0.23796978286561168,1.6614857618210873e-65,True,False,pre_year,all,(category)
perplexity,pre,year_2021,2942,2890,-0.20003105012949318,-0.22950278039795916,-0.17051437950315085,6.077324791755137e-40,True,False,pre_year,all,(category)
perplexity,pre,year_2022,3803,2632,-0.29358341319083403,-0.3204914962751371,-0.2667881429794267,1.8814984846199688e-89,True,False,pre_year,all,(category)
perplexity,post,post_all,5608,5608,-0.024197714799115144,-0.0457830463625939,-0.0030145655928151905,0.026470476230677713,False,False,outlet,own_pre,rte
perplexity,post,year_2022,69,5608,0.07576650333891544,-0.06865308875519448,0.2199821941739544,0.2786695638415462,False,False,outlet,own_pre,rte
perplexity,post,year_2023,1381,5608,-0.002168594363488152,-0.03594979720188703,0.031175916581360506,0.9005086621619696,False,False,outlet,own_pre,rte
perplexity,post,year_2024,1380,5608,-0.01173840683082139,-0.044822090336785934,0.02183781515536815,0.4986903938019972,False,False,outlet,own_pre,rte
perplexity,post,year_2025,1960,5608,-0.038843652653643534,-0.0684366015932051,-0.009182477109959553,0.01035185446285143,False,False,outlet,own_pre,rte
perplexity,post,year_2026,818,5608,-0.055747290807055205,-0.09816943093868696,-0.0135634367076025,0.009890319392542167,False,False,outlet,own_pre,rte
perplexity,post,band_0-150,576,649,0.012112651943160468,-0.051693310220852606,0.07602160374935796,0.7141693089182435,False,False,outlet,own_pre,rte
perplexity,post,band_0-150_year_2022,9,649,0.1816469782571477,-0.20595788392398562,0.5367317240198596,0.34937934354554656,True,False,outlet,own_pre,rte
perplexity,post,band_0-150_year_2023,114,649,0.07709566674776314,-0.03487213797204873,0.1849376909144971,0.18889998662454155,False,False,outlet,own_pre,rte
perplexity,post,band_0-150_year_2024,163,649,-0.0003308535075198238,-0.10096892812916519,0.10221908173972213,0.9949334158076618,False,False,outlet,own_pre,rte
perplexity,post,band_0-150_year_2025,217,649,-0.0034153926991543626,-0.09058281794749806,0.08758920139455946,0.9400249564300807,False,False,outlet,own_pre,rte
perplexity,post,band_0-150_year_2026,73,649,-0.036325643244612404,-0.17901302319690987,0.10737910800599436,0.610737136924727,False,False,outlet,own_pre,rte
perplexity,post,band_150-300,1239,1522,0.043860346873777045,-0.00043714516921048325,0.08676198112377083,0.047145453090019634,False,False,outlet,own_pre,rte
perplexity,post,band_150-300_year_2022,28,1522,0.13722545522808338,-0.09855453350854138,0.3653580814717477,0.21288717814614466,False,False,outlet,own_pre,rte
perplexity,post,band_150-300_year_2023,303,1522,-0.0006765459725999179,-0.0717834792677691,0.07272121101729101,0.9851899300351388,False,False,outlet,own_pre,rte
perplexity,post,band_150-300_year_2024,323,1522,0.10781804941355477,0.038196645280977055,0.1774111788708844,0.002307916248323257,False,False,outlet,own_pre,rte
perplexity,post,band_150-300_year_2025,414,1522,0.0539621779123578,-0.009948850038406145,0.1170079573660388,0.09185380360954597,False,False,outlet,own_pre,rte
perplexity,post,band_150-300_year_2026,171,1522,-0.0377773167039368,-0.13029197500979783,0.0544234271618599,0.4173920676403796,False,False,outlet,own_pre,rte
perplexity,post,band_300-600,2097,2088,-0.062251400924875355,-0.09760102463471806,-0.026810776478713435,0.0004881625050902321,False,False,outlet,own_pre,rte
perplexity,post,band_300-600_year_2022,16,2088,-0.025383141762452155,-0.2979031968390804,0.24630178400383132,0.8611256314401067,False,False,outlet,own_pre,rte
perplexity,post,band_300-600_year_2023,553,2088,-0.03153644696639024,-0.08501014147838677,0.02156523456174257,0.25350127677837386,False,False,outlet,own_pre,rte
perplexity,post,band_300-600_year_2024,479,2088,-0.04513913885089471,-0.10212092761900192,0.011631731976739458,0.1228533234113434,False,False,outlet,own_pre,rte
perplexity,post,band_300-600_year_2025,741,2088,-0.09374563730280605,-0.14110765973288658,-0.04577826639986352,0.00014672011594277017,False,False,outlet,own_pre,rte
perplexity,post,band_300-600_year_2026,308,2088,-0.0701566154152361,-0.13564602303826442,-0.0004070881226053608,0.04655402533519514,False,False,outlet,own_pre,rte
perplexity,post,band_600-inf,1696,1349,-0.048870494566205624,-0.09027135753947722,-0.006721545134760936,0.02034970949245045,False,False,outlet,own_pre,rte
perplexity,post,band_600-inf_year_2022,16,1349,0.011675315048183865,-0.28105772794662714,0.30393115270570786,0.9361855116489686,False,False,outlet,own_pre,rte
perplexity,post,band_600-inf_year_2023,411,1349,0.012719162973744647,-0.046958186563355,0.07542326567936225,0.6959116651171329,False,False,outlet,own_pre,rte
perplexity,post,band_600-inf_year_2024,415,1349,-0.0883956880152188,-0.14827868925665597,-0.02557298132485466,0.00639672256456406,False,False,outlet,own_pre,rte
perplexity,post,band_600-inf_year_2025,588,1349,-0.06212967025208893,-0.11639284327518998,-0.007657032420084398,0.029476757971951158,False,False,outlet,own_pre,rte
perplexity,post,band_600-inf_year_2026,266,1349,-0.056700312679400455,-0.13127657914244473,0.01668278368270569,0.14336920149147023,False,False,outlet,own_pre,rte
perplexity,post,post_all,5608,5608,-0.09639683272927813,-0.11780977294383811,-0.07521405713587273,9.501265177425559e-19,False,False,outlet,own_pre,irish_examiner
perplexity,post,year_2022,71,5608,-0.04063611339936912,-0.15658905286210845,0.07438430511743792,0.5556886968188803,False,False,outlet,own_pre,irish_examiner
perplexity,post,year_2023,1398,5608,-0.04626055359296655,-0.0787622430096796,-0.013633337772117957,0.0073585534430378585,False,False,outlet,own_pre,irish_examiner
perplexity,post,year_2024,1364,5608,-0.06255516836023944,-0.09658658844089511,-0.028779954327918685,0.0003324666967939634,False,False,outlet,own_pre,irish_examiner
perplexity,post,year_2025,1935,5608,-0.11226993921566464,-0.14140370484026143,-0.08333117464161569,1.6423236704701841e-13,False,False,outlet,own_pre,irish_examiner
perplexity,post,year_2026,840,5608,-0.20293861660213297,-0.2410166704877386,-0.1641347501018952,2.099467281132766e-21,True,False,outlet,own_pre,irish_examiner
perplexity,post,band_0-150,144,334,-0.26488689288090483,-0.37001101962741184,-0.15705983865602133,4.286344873369158e-06,True,False,outlet,own_pre,irish_examiner
perplexity,post,band_0-150_year_2023,29,334,-0.2543877761717943,-0.4635608094156515,-0.034684080115630914,0.023088473235588394,True,False,outlet,own_pre,irish_examiner
perplexity,post,band_0-150_year_2024,38,334,-0.1818468326504885,-0.376146391427671,0.01812953041285837,0.0662850907686748,True,False,outlet,own_pre,irish_examiner
perplexity,post,band_0-150_year_2025,63,334,-0.2605265659157875,-0.39787567721699457,-0.1172844786617243,0.0010363618710541684,True,False,outlet,own_pre,irish_examiner
perplexity,post,band_0-150_year_2026,14,334,-0.5316509837467922,-0.7758875106928999,-0.26047904191616766,0.0007536492983693716,True,False,outlet,own_pre,irish_examiner
perplexity,post,band_150-300,641,972,-0.008594788235973927,-0.06521823218607753,0.04765505126377893,0.7699562479372788,False,False,outlet,own_pre,irish_examiner
perplexity,post,band_150-300_year_2022,8,972,-0.2548868312757202,-0.4889467592592593,-0.010538837448559792,0.21853727014599397,True,False,outlet,own_pre,irish_examiner
perplexity,post,band_150-300_year_2023,191,972,-0.023323206860146994,-0.10938772542175686,0.06204269278004005,0.6100089005305556,False,False,outlet,own_pre,irish_examiner
perplexity,post,band_150-300_year_2024,161,972,0.025202566265368098,-0.0670964010939856,0.11805140198860004,0.608184736820587,False,False,outlet,own_pre,irish_examiner
perplexity,post,band_150-300_year_2025,206,972,-0.022324104039314396,-0.10672944384513965,0.061799063086819386,0.6144107539533145,False,False,outlet,own_pre,irish_examiner
perplexity,post,band_150-300_year_2026,75,972,0.02034293552812061,-0.12352709190672156,0.1581231138545952,0.7690075776177072,False,False,outlet,own_pre,irish_examiner
perplexity,post,band_300-600,2462,2507,-0.06713128504201238,-0.09900601629815077,-0.03531374539591338,4.174902793354891e-05,False,False,outlet,own_pre,irish_examiner
perplexity,post,band_300-600_year_2022,37,2507,-0.0034821418945870652,-0.16769262281827102,0.16008150152545841,0.9710439529069173,False,False,outlet,own_pre,irish_examiner
perplexity,post,band_300-600_year_2023,641,2507,-0.03641784283258043,-0.08566864573266614,0.013526058393751834,0.15418336967332003,False,False,outlet,own_pre,irish_examiner
perplexity,post,band_300-600_year_2024,633,2507,-0.05166513225842839,-0.1013812194733104,-0.0013788249142527575,0.04428347566460618,False,False,outlet,own_pre,irish_examiner
perplexity,post,band_300-600_year_2025,802,2507,-0.07049388893144082,-0.11521572514664671,-0.025267704293315377,0.0026188683694335344,False,False,outlet,own_pre,irish_examiner
perplexity,post,band_300-600_year_2026,349,2507,-0.150614382879799,-0.20908624904708076,-0.08903991460015105,4.990501134782249e-06,True,False,outlet,own_pre,irish_examiner
perplexity,post,band_600-inf,2361,1795,-0.08985145098094738,-0.12611415303699042,-0.054926386180257414,6.727607367198453e-07,False,False,outlet,own_pre,irish_examiner
perplexity,post,band_600-inf_year_2022,26,1795,0.05515320334261831,-0.15427576601671308,0.262742661238483,0.628890220395947,False,False,outlet,own_pre,irish_examiner
perplexity,post,band_600-inf_year_2023,537,1795,-0.006616766001151575,-0.06259838782465255,0.04871464288863641,0.8158262246629047,False,False,outlet,own_pre,irish_examiner
perplexity,post,band_600-inf_year_2024,532,1795,-0.050047123379479364,-0.10661931639684163,0.005641401554024393,0.07915559767477419,False,False,outlet,own_pre,irish_examiner
perplexity,post,band_600-inf_year_2025,864,1795,-0.1084184463014547,-0.15303472867017434,-0.06302454090580832,5.7796972353028475e-06,False,False,outlet,own_pre,irish_examiner
perplexity,post,band_600-inf_year_2026,402,1795,-0.22318768275613576,-0.2818999708976011,-0.1663087764520019,2.483717608889491e-12,True,False,outlet,own_pre,irish_examiner
perplexity,post,post_all,5608,5608,0.35173488657939234,0.33129325960366374,0.3716861609395891,2.6640237283390345e-228,True,False,outlet,own_pre,the_liberal
perplexity,post,year_2022,75,5608,0.24718972895863045,0.1573698288159772,0.3382841179267714,0.00023056076521839775,True,False,outlet,own_pre,the_liberal
perplexity,post,year_2023,1485,5608,0.2620552889811092,0.23312146668780048,0.291188447720188,1.551872154661769e-54,True,False,outlet,own_pre,the_liberal
perplexity,post,year_2024,1433,5608,0.24222910048749013,0.21488676827938957,0.2697963070899612,1.3437280241737189e-45,True,False,outlet,own_pre,the_liberal
perplexity,post,year_2025,1885,5608,0.459196316743417,0.4353158617662529,0.4827989949938889,4.571598139765007e-196,True,False,outlet,own_pre,the_liberal
perplexity,post,year_2026,730,5608,0.48238157817599125,0.45004376086999004,0.5137011705391515,4.75978158434517e-100,True,False,outlet,own_pre,the_liberal
perplexity,post,band_0-150,1539,3227,-0.055397391204370705,-0.09032433860420318,-0.020067039133142582,0.0019547401035478747,False,False,outlet,own_pre,the_liberal
perplexity,post,band_0-150_year_2022,33,3227,-0.058943948314881034,-0.22718445690246122,0.1152679569165469,0.5596735229901367,False,False,outlet,own_pre,the_liberal
perplexity,post,band_0-150_year_2023,802,3227,-0.009861463477964572,-0.05544370403399621,0.03660178651604642,0.6651369951278625,False,False,outlet,own_pre,the_liberal
perplexity,post,band_0-150_year_2024,438,3227,-0.15786606444200124,-0.21040323299557243,-0.10487800564019623,7.920499328318153e-08,True,False,outlet,own_pre,the_liberal
perplexity,post,band_0-150_year_2025,211,3227,-0.01736092243026477,-0.10031921127571422,0.06693391217761269,0.6722377396530959,False,False,outlet,own_pre,the_liberal
perplexity,post,band_0-150_year_2026,55,3227,-0.04716454911682677,-0.21951939600529624,0.12814040623151257,0.548120728701892,False,False,outlet,own_pre,the_liberal
perplexity,post,band_150-300,1814,1997,0.6825696096515226,0.6574875543745606,0.707594081309395,8.238699060394749e-291,True,False,outlet,own_pre,the_liberal
perplexity,post,band_150-300_year_2022,15,1997,0.5764313136371224,0.3110933066266065,0.7714588549490904,0.00011754155590173737,True,False,outlet,own_pre,the_liberal
perplexity,post,band_150-300_year_2023,408,1997,0.634584229285104,0.5925181276817185,0.6759924813691125,5.724361991096609e-91,True,False,outlet,own_pre,the_liberal
perplexity,post,band_150-300_year_2024,653,1997,0.6731682516117208,0.6409094882752919,0.7050277560291434,1.8896730491306154e-147,True,False,outlet,own_pre,the_liberal
perplexity,post,band_150-300_year_2025,532,1997,0.7168647708404712,0.6816950049133852,0.7495454648137619,8.269061331210193e-143,True,False,outlet,own_pre,the_liberal
perplexity,post,band_150-300_year_2026,206,1997,0.7265704381815441,0.6779196707682883,0.7722799004331741,2.9919366788366093e-66,True,False,outlet,own_pre,the_liberal
perplexity,post,band_300-600,1642,337,0.7732265421411972,0.7250649674530227,0.8178459900895267,5.034143635741466e-111,True,False,outlet,own_pre,the_liberal
perplexity,post,band_300-600_year_2022,22,337,0.6517399514432156,0.4912328028055031,0.7796061505260319,3.0267996853100686e-07,True,False,outlet,own_pre,the_liberal
perplexity,post,band_300-600_year_2023,247,337,0.687141844568051,0.6220029072910535,0.7484112014800754,9.614026229986565e-46,True,False,outlet,own_pre,the_liberal
perplexity,post,band_300-600_year_2024,302,337,0.6904906950694676,0.6259545659991748,0.750586102540924,2.1477516778662615e-51,True,False,outlet,own_pre,the_liberal
perplexity,post,band_300-600_year_2025,782,337,0.815044738060364,0.7709437871394205,0.8563775452123824,5.5054076564585246e-104,True,False,outlet,own_pre,the_liberal
perplexity,post,band_300-600_year_2026,289,337,0.8293511854034685,0.7825701025741071,0.8722700810119823,1.1190214746001477e-71,True,False,outlet,own_pre,the_liberal
perplexity,post,band_600-inf,613,47,0.38953871785082095,0.21272777758495015,0.5555881434174447,8.428194566262542e-06,True,False,outlet,own_pre,the_liberal
perplexity,post,band_600-inf_year_2022,5,47,-0.25106382978723407,-0.651063829787234,0.23404255319148937,0.37919090713208353,True,False,outlet,own_pre,the_liberal
perplexity,post,band_600-inf_year_2023,28,47,0.22036474164133746,-0.06231003039513683,0.48176291793313064,0.11346897810026424,True,False,outlet,own_pre,the_liberal
perplexity,post,band_600-inf_year_2024,40,47,0.352127659574468,0.10319148936170208,0.58938829787234,0.004881322525926546,True,False,outlet,own_pre,the_liberal
perplexity,post,band_600-inf_year_2025,360,47,0.3962174940898344,0.20850768321513,0.5731737588652481,9.92726775055253e-06,True,False,outlet,own_pre,the_liberal
perplexity,post,band_600-inf_year_2026,180,47,0.4286052009456265,0.23403073286052012,0.6089893617021276,6.1604132741273285e-06,True,False,outlet,own_pre,the_liberal
perplexity,post,post_all,5608,5608,0.0479303371889761,0.02622367205576499,0.06943679112120239,1.103524354048315e-05,False,False,outlet,own_pre,gript
perplexity,post,year_2022,167,5608,-0.05575012599622442,-0.14567790239777226,0.03216160403871283,0.2188650117732326,False,False,outlet,own_pre,gript
perplexity,post,year_2023,1459,5608,0.02377392914655352,-0.010377120856428593,0.0571538602935785,0.16120963422860513,False,False,outlet,own_pre,gript
perplexity,post,year_2024,1430,5608,0.0812233771934201,0.04626680915375634,0.1162745497191823,2.0491870382605846e-06,False,False,outlet,own_pre,gript
perplexity,post,year_2025,1809,5608,0.02689151721184846,-0.005186314819940507,0.0591896551282264,0.08498258504990737,False,False,outlet,own_pre,gript
perplexity,post,year_2026,743,5608,0.10581595605585559,0.059845577266085956,0.15222980461482635,2.6775995122606896e-06,False,False,outlet,own_pre,gript
perplexity,post,band_0-150,91,134,0.32179760537969493,0.17433983926521232,0.46383467278989676,4.256567560268615e-05,True,False,outlet,own_pre,gript
perplexity,post,band_0-150_year_2022,2,134,-0.26865671641791045,-0.4477611940298507,-0.08955223880597019,0.5446623093681917,True,False,outlet,own_pre,gript
perplexity,post,band_0-150_year_2023,10,134,0.19552238805970146,-0.20003731343283573,0.5776119402985074,0.30509495351366345,True,False,outlet,own_pre,gript
perplexity,post,band_0-150_year_2024,34,134,0.41308165057067603,0.1957857769973661,0.6163410886742754,0.0002048912117947466,True,False,outlet,own_pre,gript
perplexity,post,band_0-150_year_2025,35,134,0.27292110874200426,0.06567164179104479,0.47121535181236673,0.013102796824440153,True,False,outlet,own_pre,gript
perplexity,post,band_0-150_year_2026,10,134,0.4268656716417911,0.12085820895522388,0.6985074626865673,0.02485319122703321,True,False,outlet,own_pre,gript
perplexity,post,band_150-300,471,813,0.10578889228382726,0.038259258388762304,0.17218461675062618,0.0015617207405511273,False,False,outlet,own_pre,gript
perplexity,post,band_150-300_year_2022,17,813,0.012517183995369274,-0.3028037045076333,0.3291404384632081,0.9299513378615687,False,False,outlet,own_pre,gript
perplexity,post,band_150-300_year_2023,119,813,-0.04418741666408266,-0.1542900555055971,0.066129699112117,0.43587604276195935,False,False,outlet,own_pre,gript
perplexity,post,band_150-300_year_2024,128,813,0.19026752767527677,0.08294751306888076,0.2943770179889298,0.0005329914411222248,True,False,outlet,own_pre,gript
perplexity,post,band_150-300_year_2025,155,813,0.10824901797405073,0.0035622743324208346,0.20823909852001743,0.032519026171414334,False,False,outlet,own_pre,gript
perplexity,post,band_150-300_year_2026,52,813,0.26421610369949855,0.08425229444602146,0.43675016557857893,0.0013877142501158085,True,False,outlet,own_pre,gript
perplexity,post,band_300-600,1703,2030,0.21327879806426786,0.176161265688773,0.2494210954878235,2.586535030130566e-29,True,False,outlet,own_pre,gript
perplexity,post,band_300-600_year_2022,56,2030,-0.00804011259676285,-0.17605515482054887,0.15856878958479914,0.918227776473054,False,False,outlet,own_pre,gript
perplexity,post,band_300-600_year_2023,445,2030,0.12036309293186465,0.060767974760613214,0.17897193778712575,6.833403331983013e-05,False,False,outlet,own_pre,gript
perplexity,post,band_300-600_year_2024,414,2030,0.27005068894124373,0.21180689417196158,0.3294299873872587,4.2508063258254344e-18,True,False,outlet,own_pre,gript
perplexity,post,band_300-600_year_2025,530,2030,0.23499209963751277,0.18066888186634456,0.28995359698856765,7.277020802016938e-17,True,False,outlet,own_pre,gript
perplexity,post,band_300-600_year_2026,258,2030,0.2858746706381028,0.211188375911712,0.35678857830221095,6.899533470007807e-14,True,False,outlet,own_pre,gript
perplexity,post,band_600-inf,3343,2631,-0.024261227389259843,-0.05337135477014041,0.004610611552609251,0.10690865324472024,False,False,outlet,own_pre,gript
perplexity,post,band_600-inf_year_2022,92,2631,-0.06609323616412999,-0.17906358964189514,0.04827908879083831,0.2805657558171155,False,False,outlet,own_pre,gript
perplexity,post,band_600-inf_year_2023,885,2631,0.009516692542415939,-0.034620786064459654,0.05312720775971836,0.67148956019989,False,False,outlet,own_pre,gript
perplexity,post,band_600-inf_year_2024,854,2631,-0.012475999989318476,-0.05845000654242291,0.03359360605000541,0.5832883403015838,False,False,outlet,own_pre,gript
perplexity,post,band_600-inf_year_2025,1089,2631,-0.06426449631591125,-0.1061278798139998,-0.023018277519676934,0.0020104309853842266,False,False,outlet,own_pre,gript
perplexity,post,band_600-inf_year_2026,423,2631,-0.006639332993684133,-0.06730139732395973,0.05642781601077528,0.8262933399081005,False,False,outlet,own_pre,gript
perplexity,post,all,11138,8034,-0.08432408358925991,-0.10057680400361675,-0.06836815520704274,1.9056349756289453e-23,False,False,sensitivity,non_wire,(category)
perplexity,post,year_2022,240,111,-0.2894144144144144,-0.40825825825825823,-0.1655386636636637,1.2986124579583717e-05,True,False,sensitivity,non_wire,(category)
perplexity,post,year_2023,2937,2032,-0.18000886061356736,-0.21198316718007285,-0.14907398377743641,3.290672416367061e-27,True,False,sensitivity,non_wire,(category)
perplexity,post,year_2024,2840,1979,-0.1867277185091346,-0.21939111551573207,-0.15405982890775685,2.3428590025964205e-28,True,False,sensitivity,non_wire,(category)
perplexity,post,year_2025,3663,2743,0.006213816640356917,-0.022407729042800174,0.03482752961425948,0.6699602149335582,False,False,sensitivity,non_wire,(category)
perplexity,post,year_2026,1458,1169,0.10151830378044613,0.05716365622664132,0.14509484851578447,7.537573888078455e-06,False,False,sensitivity,non_wire,(category)
perplexity,pre,all,11195,8600,-0.3344026299116092,-0.34918396475793806,-0.31962724871983966,0.0,True,False,sensitivity,non_wire,(category)
